-- phpMyAdmin SQL Dump
-- version 5.2.1
-- https://www.phpmyadmin.net/
--
-- Servidor: 127.0.0.1
-- Tiempo de generación: 30-10-2023 a las 14:11:09
-- Versión del servidor: 10.4.28-MariaDB
-- Versión de PHP: 8.2.4

SET SQL_MODE = "NO_AUTO_VALUE_ON_ZERO";
START TRANSACTION;
SET time_zone = "+00:00";


/*!40101 SET @OLD_CHARACTER_SET_CLIENT=@@CHARACTER_SET_CLIENT */;
/*!40101 SET @OLD_CHARACTER_SET_RESULTS=@@CHARACTER_SET_RESULTS */;
/*!40101 SET @OLD_COLLATION_CONNECTION=@@COLLATION_CONNECTION */;
/*!40101 SET NAMES utf8mb4 */;

--
-- Base de datos: `a`
--

-- --------------------------------------------------------

--
-- Estructura de tabla para la tabla `computadoras`
--

CREATE TABLE `computadoras` (
  `id` bigint(20) UNSIGNED NOT NULL,
  `id_usuario_window` bigint(20) UNSIGNED NOT NULL,
  `id_user` bigint(20) UNSIGNED NOT NULL,
  `id_condicion` bigint(20) UNSIGNED NOT NULL,
  `id_sectore` bigint(20) UNSIGNED NOT NULL,
  `etiqueta` varchar(255) DEFAULT NULL,
  `nombre` varchar(255) DEFAULT NULL,
  `ip_172` varchar(255) DEFAULT NULL,
  `ip_10` varchar(255) DEFAULT NULL,
  `mac` varchar(255) DEFAULT NULL,
  `procesador` varchar(255) DEFAULT NULL,
  `ram` varchar(255) DEFAULT NULL,
  `so` varchar(255) DEFAULT NULL,
  `marca` varchar(255) DEFAULT NULL,
  `observaciones` varchar(255) DEFAULT NULL,
  `id_estado` bigint(20) UNSIGNED NOT NULL,
  `created_at` timestamp NULL DEFAULT NULL,
  `updated_at` timestamp NULL DEFAULT NULL
) ENGINE=InnoDB DEFAULT CHARSET=utf8mb4 COLLATE=utf8mb4_unicode_ci;

--
-- Volcado de datos para la tabla `computadoras`
--

INSERT INTO `computadoras` (`id`, `id_usuario_window`, `id_user`, `id_condicion`, `id_sectore`, `etiqueta`, `nombre`, `ip_172`, `ip_10`, `mac`, `procesador`, `ram`, `so`, `marca`, `observaciones`, `id_estado`, `created_at`, `updated_at`) VALUES
(8, 0, 2, 2, 20, '1', NULL, NULL, NULL, NULL, NULL, NULL, NULL, 'PERFORMACE', 'FALTA PILA FALLA COOLER DE LA FUENTE', 1, '2023-10-09 18:59:32', '2023-10-09 18:59:32'),
(9, 0, 2, 2, 20, '1', NULL, NULL, NULL, NULL, NULL, NULL, NULL, 'PERFORMACE', 'Falta pila falla cooler de la fuente', 1, '2023-10-09 21:59:32', '2023-10-09 21:59:32'),
(10, 0, 2, 2, 20, '23', NULL, NULL, NULL, NULL, NULL, NULL, NULL, 'leven', NULL, 1, '2023-10-09 21:59:32', '2023-10-09 21:59:32'),
(11, 0, 2, 2, 50, '10', NULL, NULL, NULL, NULL, NULL, NULL, NULL, 'oxxon', 'Falta cooler de procesador, falta fuente y anda lenta', 1, '2023-10-09 21:59:32', '2023-10-09 21:59:32'),
(12, 0, 2, 2, 50, '13', NULL, NULL, NULL, NULL, NULL, NULL, NULL, 'LG', 'Lenta', 1, '2023-10-09 21:59:32', '2023-10-09 21:59:32'),
(13, 0, 2, 2, 50, '15', NULL, NULL, NULL, NULL, NULL, NULL, NULL, 'E-VIEW', 'Lenta', 1, '2023-10-09 21:59:32', '2023-10-09 21:59:32'),
(14, 0, 2, 2, 20, '12', NULL, NULL, NULL, NULL, NULL, NULL, NULL, 'CX', 'No funciona sonido', 1, '2023-10-09 21:59:32', '2023-10-09 21:59:32'),
(15, 0, 2, 2, 50, '16', NULL, NULL, NULL, NULL, NULL, NULL, NULL, 'PERFORMACE', NULL, 1, '2023-10-09 21:59:32', '2023-10-09 21:59:32'),
(16, 0, 2, 2, 50, '17', NULL, NULL, NULL, NULL, NULL, NULL, NULL, 'BISWAL', 'Anda lenta', 1, '2023-10-09 21:59:32', '2023-10-09 21:59:32'),
(17, 0, 2, 2, 50, '21', NULL, NULL, NULL, NULL, NULL, NULL, NULL, 'PERFORMACE', 'Faltan plasticos delanteros', 1, '2023-10-09 21:59:32', '2023-10-09 21:59:32'),
(18, 0, 2, 1, 1, NULL, 'Jefe-Usua', '172.16.14.81', NULL, '70-85C2B3EEB2', 'Intel (R) Celeron ® CPU J1800 @ 2.41GHz', '4 GB', '32 BITS', NULL, NULL, 2, '2023-10-09 21:59:32', '2023-10-09 21:59:32'),
(19, 0, 2, 1, 1, NULL, 'Enc_ATP', '172.16.14.79', NULL, '74-B4-35-35-B3-09', 'Intel ® Pentium ® CPU G2030 @ 3.00GHz', '4 GB', '32 BITS', NULL, NULL, 2, '2023-10-09 21:59:32', '2023-10-09 21:59:32'),
(20, 0, 2, 1, 1, NULL, 'JefPlanPago', '172.16.14.80', NULL, '9C-5C-8E-DE3-47-16', 'Intel (R) Celeron ® CPU G1840 @ 2.80GHz', '4 GB', '32 BITS', NULL, NULL, 2, '2023-10-09 21:59:32', '2023-10-09 21:59:32'),
(21, 0, 2, 1, 2, NULL, 'atp-nb', '172.16.14.74', NULL, 'D8-5E-D3-28-EB-FA', 'Intel ® Core™ I3-10100 CPU @3.60GHz', '8 GB', '64 BITS', NULL, NULL, 2, '2023-10-09 21:59:32', '2023-10-09 21:59:32'),
(22, 0, 2, 1, 2, NULL, 'ATP_bc', '172.16.14.73', NULL, '40-8D-5C-06-D4-4F', 'Intel ® Pentium ® CPU G2030 @ 3.00GHz ', '4 GB', '32 BITS', NULL, NULL, 2, '2023-10-09 21:59:32', '2023-10-09 21:59:32'),
(23, 0, 2, 1, 2, NULL, 'ATP_LD', '172.16.14.72', NULL, '00-D8-61-16-D9-F7', 'AMD A4-6300 APU with Radeon™ HD graphics 3.70GHz', '4 GB', '32 BITS', NULL, NULL, 2, '2023-10-09 21:59:32', '2023-10-09 21:59:32'),
(24, 0, 2, 1, 2, NULL, 'atodigit1', '172.16.14.71', NULL, '1C-69-7A-1D-FB-BA', 'Intel ® Core™ i3-10105 CPU @ 3.70GHz', '8 GB', '64 BITS', NULL, NULL, 2, '2023-10-09 21:59:32', '2023-10-09 21:59:32'),
(25, 0, 2, 1, 3, NULL, 'plandepago_jm', '172.16.14.76', NULL, 'D8-5E-D3-28-E8-30', 'Intel ® Core™ i3-10100 CPU @ 3.60 GHz ', '8 GB', '64 BITS', NULL, NULL, 2, '2023-10-09 21:59:32', '2023-10-09 21:59:32'),
(26, 0, 2, 1, 3, NULL, 'ATPPCBACK', '172.16.14.78', NULL, '20-CF-30-8B-7B-0F', 'Intel ® Celeron ® CPU E3300 @ 2.50GHz ', '3 GB', '32 BITS', NULL, NULL, 2, '2023-10-09 21:59:32', '2023-10-09 21:59:32'),
(27, 0, 2, 1, 3, NULL, 'RECLAMOS_EP', '172.16.14.77', NULL, '00-D8-61-16-EA-58', 'AMD A4-6300 APU with Radeon™ HD graphics 3.70GHz', '4 GB', '32 BITS', NULL, NULL, 2, '2023-10-09 21:59:32', '2023-10-09 21:59:32'),
(28, 0, 2, 1, 3, NULL, 'atpplanes_jm', '172.16.14.75', NULL, '94-DE-80-56-FD-3A', 'Intel ® Core™ i5-3470 CPU @ 3.20 GHz', '4 GB', '64 BITS', NULL, NULL, 2, '2023-10-09 21:59:32', '2023-10-09 21:59:32'),
(29, 0, 2, 1, 4, NULL, 'CAJA_NC', '172.16.14.91', NULL, ' 74-D4-35-35-AB-2C', 'Intel ® Pentium ® CPU G2030 @ 3.00GHz ', '4 GB', '32 BITS', NULL, NULL, 2, '2023-10-09 21:59:32', '2023-10-09 21:59:32'),
(30, 0, 2, 1, 4, NULL, 'CAJA_ROD', '172.16.14.93', NULL, 'E0-D5-5E-3A-37-D9', 'Intel ® Core™ i3-7100 CPU @ 3.90GHz', '4 GB', '32 BITS', NULL, NULL, 2, '2023-10-09 21:59:32', '2023-10-09 21:59:32'),
(31, 0, 2, 1, 4, NULL, 'CAJA_MM', '172.16.14.92', NULL, '00-D8-61-16-DA-72', 'AMD A4-6300 APU with Radeon™ HD graphics 3.70GHz', '4 GB', '32 BITS', NULL, NULL, 2, '2023-10-09 21:59:32', '2023-10-09 21:59:32'),
(32, 0, 2, 1, 4, NULL, 'cajerodb', '172.16.14.94', NULL, '2C-F0-5D-AB-DC-0A', 'Intel ® Core™ I3-10100 CPU @3.60GHz', '8 GB', '64 BITS', NULL, NULL, 2, '2023-10-09 21:59:32', '2023-10-09 21:59:32'),
(33, 0, 2, 1, 4, NULL, 'Caja-5', '172.16.14.95', NULL, 'D8-BB-C1-A0-24-0E', '11th Gen Intel® Core™ i5-11400 @ 2.60 GHz', '8 GB', '64 BITS', NULL, NULL, 2, '2023-10-09 21:59:32', '2023-10-09 21:59:32'),
(34, 0, 2, 1, 5, NULL, NULL, '172.16.15.233', NULL, NULL, NULL, '4 GB', '32 BITS', NULL, NULL, 2, '2023-10-09 21:59:32', '2023-10-09 21:59:32'),
(35, 0, 2, 1, 5, NULL, 'atpdigit2 ', '172.16.14.85', NULL, '70-85-C2-40-A4-56', 'Intel ® Celeron ® CPU J3355 @ 2.00GHz', '4 GB', '64 BITS', NULL, NULL, 2, '2023-10-09 21:59:32', '2023-10-09 21:59:32'),
(36, 0, 2, 1, 5, NULL, 'atpalicia', '172.16.14.86', NULL, '70-85-C2-40-A4-56', 'Intel ® Core™ I3-10100 CPU @3.60GHz', '8 GB', '64 BITS', NULL, NULL, 2, '2023-10-09 21:59:32', '2023-10-09 21:59:32'),
(37, 0, 2, 1, 5, NULL, 'ATPjaviS', '172.14.16.83', NULL, '70-85-C2-40-A4-56', 'Intel ® Core ™ i3-8100 CPU @ 3.60GHz', '4 GB', '32 BITS', NULL, NULL, 2, '2023-10-09 21:59:32', '2023-10-09 21:59:32'),
(38, 0, 2, 1, 6, NULL, 'tomaestados1', '172.16.15.12', NULL, 'F4-6D-04-CE-7C-3E', 'Intel CELERON CPU E3400 2.60GHz ', '2 GB', '32 BITS', NULL, NULL, 2, '2023-10-09 21:59:32', '2023-10-09 21:59:32'),
(39, 0, 2, 1, 6, NULL, 'TOMAELECTRICO2', '172.16.14.182', NULL, '88-D7-F6-E1-F7-F7', 'Intel CELERON CPU G3930 2.90GHz ', '4 GB', '32 BITS', NULL, NULL, 2, '2023-10-09 21:59:32', '2023-10-09 21:59:32'),
(40, 0, 2, 1, 7, NULL, 'agua_medicion', '172.16.15.108', '10.0.250.52', '40-8D-5C-06-D2-64', 'INTEL PENTIUM CPU G2030 3.00 GHz', '4 GB', '32 BITS', NULL, NULL, 2, '2023-10-09 21:59:32', '2023-10-09 21:59:32'),
(41, 0, 2, 1, 8, NULL, 'RRHH2', '172.16.15.218', NULL, 'F4-4D-30-4F-7A-17', 'INTEL CELERON CPU  G3930 2.90 GHz ', '4 GB', '32 BITS', NULL, NULL, 2, '2023-10-09 21:59:32', '2023-10-09 21:59:32'),
(42, 0, 2, 1, 9, NULL, 'sop_medicion', '172.16.15.87', '10.0.250.120', '7A-27-EA-43-D4-81', 'AMD A4-3300 APU with radeon Graphics 2.50 GHz', '4 GB', '64 BITS', NULL, NULL, 2, '2023-10-09 21:59:32', '2023-10-09 21:59:32'),
(43, 0, 2, 1, 10, NULL, 'compras_lt', '172.16.14.153', '10.0.250.189', 'D8-5E-D3-28-EA-0D', 'INTEL CORE i3-10100 CPU 3.60 GHz', '8 GB', '64 BITS', NULL, NULL, 2, '2023-10-09 21:59:32', '2023-10-09 21:59:32'),
(44, 0, 2, 1, 10, NULL, 'COMPRAS-AM', '172.16.14.155', NULL, '12-F0-5D-10-1A-A3', 'INTEL CORE i3-9100 CPU 3.60 GHz', '4 GB', '32 BITS', NULL, NULL, 2, '2023-10-09 21:59:32', '2023-10-09 21:59:32'),
(45, 0, 2, 1, 10, NULL, 'COMPRAS-CM', '172.16.14.152', NULL, '04-7C-16-15-77-C2', 'Intel ® Core™ i5-10400 CPU @ 2.90GHz', '8 GB', '64 BITS', NULL, NULL, 2, '2023-10-09 21:59:32', '2023-10-09 21:59:32'),
(46, 0, 2, 1, 10, NULL, 'compras-dav', '172.16.14.156', NULL, '2C-F0-5D-00-7E-87', 'INTEL CORE i3-9100F CPU 3.60 GHz', '4 GB', '64 BITS', NULL, NULL, 2, '2023-10-09 21:59:32', '2023-10-09 21:59:32'),
(47, 0, 2, 1, 10, NULL, 'comp-gv', '172.16.14.154', '10.0.250.105', 'D8-5E-D3-28-E8-83', 'INTEL CORE i3-10100 CPU 3.60 GHz', '8 GB', '64 BITS', NULL, NULL, 2, '2023-10-09 21:59:32', '2023-10-09 21:59:32'),
(48, 0, 2, 1, 11, NULL, 'TEC_DM', '172.16.14.166', NULL, '88-D7-F6-E1-E2-2E', 'INTEL CORE i3-7100 CPU 3.90 GHz', '4 GB', '32 BITS', NULL, NULL, 2, '2023-10-09 21:59:32', '2023-10-09 21:59:32'),
(49, 0, 2, 1, 11, NULL, 'TEC_AM', '172.16.14.133', '10.0.250.45', '74-D4-35-A5-8E-6C', 'AMD FX™-4300 Quad-Core Processor 3.80 GHZ', '4 GB', '32 BITS', NULL, NULL, 2, '2023-10-09 21:59:32', '2023-10-09 21:59:32'),
(50, 0, 2, 1, 11, NULL, 'tecnica-max', '172.16.14.160', '10.0.250.97', 'D8-5E-B3-90-B9-AD', 'INTEL CORE i3-10100 CPU 3.60 GHz', '8 GB', '64 BITS', NULL, NULL, 2, '2023-10-09 21:59:32', '2023-10-09 21:59:32'),
(51, 0, 2, 1, 11, NULL, 'TECNICA-NACHO', '172.16.15.24', '10.0.250.86', '70-85-C2-00-D0-88', 'INTEL CORE i5-7400 CPU 3.00 GHz', '12 GB', '64 BITS', NULL, NULL, 2, '2023-10-09 21:59:32', '2023-10-09 21:59:32'),
(52, 0, 2, 1, 11, NULL, 'TECNICA-PC', '172.16.14.121', '10.0.250.41', 'F4-6D-04-57-E5-AD', 'AMD Phenom™ II X4 850 Processor 3.30 GHz', '4 GB', '32 BITS', NULL, NULL, 2, '2023-10-09 21:59:32', '2023-10-09 21:59:32'),
(53, 0, 2, 1, 11, NULL, 'TECNICA_MGIL', '172.16.14.123', '10.0.250.42', 'B0-6E-BF-7F-25-3C', 'INTEL CORE i5-6400 CPU 2.70 GHz', '4 GB', '32 BITS', NULL, NULL, 2, '2023-10-09 21:59:32', '2023-10-09 21:59:32'),
(54, 0, 2, 1, 11, NULL, 'TEC_PAS1', '172.16.14.119', '10.0.250.100', '00-D8-61-2B-88-0F', 'INTEL CORE i5-7400 CPU 3.00 GHz', '8 GB', '32 BITS', NULL, NULL, 2, '2023-10-09 21:59:32', '2023-10-09 21:59:32'),
(55, 0, 2, 1, 11, NULL, 'GTECNICA', '172.16.14.126', '10.0.250.11', '88-D7-F6-E1-F7-2D', 'INTEL CORE i5-6400 CPU 2.70 GHz', '4 GB', '32 BITS', NULL, NULL, 2, '2023-10-09 21:59:32', '2023-10-09 21:59:32'),
(56, 0, 2, 1, 11, NULL, '2JEFESUMINISTRO', '172.16.14.177', '10.0.250.73', '40-B0-76-62-6F-10', 'INTEL CELERON CPU G3930 2.90 GHz', '4 GB', '32 BITS', NULL, NULL, 2, '2023-10-09 21:59:32', '2023-10-09 21:59:32'),
(57, 0, 2, 1, 11, NULL, 'tec-marcos', '172.16.15.27', '10.0.250.43', '40-B0-76-62-6F-10', 'INTEL CORE i5-7400 CPU 3.00 GHz', '8 GB', '64 BITS', NULL, NULL, 2, '2023-10-09 21:59:32', '2023-10-09 21:59:32'),
(58, 0, 2, 1, 11, NULL, 'TECNICA_MA', '172.16.14.130', '10.0.250.70', '74-D4-35-A4-B9-59', 'AMD FX™-4300 Quad-Core Processor 3.80 GHZ', '4 GB', '32 BITS', NULL, NULL, 2, '2023-10-09 21:59:32', '2023-10-09 21:59:32'),
(59, 0, 2, 1, 11, NULL, 'pasante-otec', '172.16.14.122', NULL, '30-9C-23-D4-52-C2', 'INTEL CORE I3-9100 ', '4 GB', '64 BITS', NULL, NULL, 2, '2023-10-09 21:59:32', '2023-10-09 21:59:32'),
(60, 0, 2, 1, 11, NULL, 'ING-TECNICA', '172.16.15.8', NULL, '04-7C-16-15-77-ED', 'INTEL CORE i5-10400 CPU 2.90 GHz', '8 GB', '64 BITS', NULL, NULL, 2, '2023-10-09 21:59:32', '2023-10-09 21:59:32'),
(61, 0, 2, 1, 12, NULL, 'PRENSA-M', '172.16.14.147', NULL, 'D8-5E-D3-29-54-2D', 'INTEL CORE i3-10100 CPU 3.60 GHz', '8 GB', '64 BITS', NULL, NULL, 2, '2023-10-09 21:59:32', '2023-10-09 21:59:32'),
(62, 0, 2, 1, 12, NULL, 'pasan', '172.16.15.9', NULL, 'E0-69-95-B3-E3-D3', 'INTEL CELERON E3400 CPU 2.60 GHz', '4 GB', '64 BITS', NULL, NULL, 2, '2023-10-09 21:59:32', '2023-10-09 21:59:32'),
(63, 0, 2, 1, 12, NULL, 'atpdigit', '172.16.15.84', NULL, '18-C0-4D-C1-5B-48', 'Intel ® Core™ i3-10100 CPU @ 3.60 GHz', '8 GB', '64 BITS', NULL, NULL, 2, '2023-10-09 21:59:32', '2023-10-09 21:59:32'),
(64, 0, 2, 1, 13, NULL, 'wincont-cm', '172.16.14.137', NULL, 'D4-5D-64-B7-7C-1F', 'INTEL CORE i5-10400 CPU 2.90 GHz', '4 GB', '64 BITS', NULL, NULL, 2, '2023-10-09 21:59:32', '2023-10-09 21:59:32'),
(65, 0, 2, 1, 13, NULL, 'cont_pasante', '172.16.14.135', NULL, 'D8-5E-D3-28-EC-04', 'INTEL CORE i3-10100 CPU 3.60 GHz', '8 GB', '64 BITS', NULL, NULL, 2, '2023-10-09 21:59:32', '2023-10-09 21:59:32'),
(66, 0, 2, 1, 13, NULL, NULL, '172.16.15.15', NULL, NULL, NULL, '8 GB', '64 BITS', NULL, NULL, 2, '2023-10-09 21:59:32', '2023-10-09 21:59:32'),
(67, 0, 2, 1, 14, NULL, 'WINCONT-MARTA', '172.16.14.140', NULL, '00-DB-61-2B-7D-0A', 'INTEL CORE i3-7100 CPU 3.90 GHz', '4 GB', '32 Bits', NULL, NULL, 2, '2023-10-09 21:59:32', '2023-10-09 21:59:32'),
(68, 0, 2, 1, 14, NULL, 'cont-mm', '172.16.14.141', NULL, 'B4-2E-99-51-DD-52', 'INTEL CORE i3-8100 CPU 3.60 GHz', '4 GB', '64 Bits', NULL, NULL, 2, '2023-10-09 21:59:32', '2023-10-09 21:59:32'),
(69, 0, 2, 1, 14, NULL, 'JEFE_CONT', '172.16.14.131', '10.0.250.30', 'F4-6D-04-CE-7C-55', 'INTEL CELERON E3400 CPU 2.60 GHz', '4 GB', '32 Bits', NULL, NULL, 2, '2023-10-09 21:59:32', '2023-10-09 21:59:32'),
(70, 0, 2, 1, 14, NULL, 'adj_ger2', '172.16.15.18', NULL, 'B4-2E-99-51-DD-5A', 'INTEL CORE i3-8100 CPU 3.60 GHz', '4 GB', '32 Bits', NULL, NULL, 2, '2023-10-09 21:59:32', '2023-10-09 21:59:32'),
(71, 0, 2, 1, 14, NULL, 'conta-vang', '172.16.14.138', NULL, 'D8-5E-D3-28-E8-59', 'INTEL CORE i3-10100 CPU 3.60 GHz', '8 GB', '64 Bits', NULL, NULL, 2, '2023-10-09 21:59:32', '2023-10-09 21:59:32'),
(72, 0, 2, 1, 14, NULL, 'CONT-SP', '172.16.14.139', NULL, 'E0-CB-4E-CA-CB-35', 'INTEL CORE 2DUO CPU E7500 2.93GHz', '3 GB', '32 Bits', NULL, NULL, 2, '2023-10-09 21:59:32', '2023-10-09 21:59:32'),
(73, 0, 2, 1, 15, NULL, 'CONTABLE_NR', '172.16.14.143', '10.0.250.32', '50-E3-49-8B-98-D0', 'Pentium Dual-Core CPU E5700 3.00 GHz', '2 GB', '32 bits', NULL, NULL, 2, '2023-10-09 21:59:32', '2023-10-09 21:59:32'),
(74, 0, 2, 1, 15, NULL, 'continventa', '172.16.14.142', NULL, '2C-F0-5D-AB-DB-FA', 'INTEL CORE i3-10100 CPU 3.60 ghz', '8 GB', '64 bits', NULL, NULL, 2, '2023-10-09 21:59:32', '2023-10-09 21:59:32'),
(75, 0, 2, 1, 15, NULL, 'CONT_ALF', '172.16.15.21', NULL, 'E0-69-95-D3-05-F6', 'INTEL CELERON E3400 CPU 2.60 GHz', '2 GB', '32 bits', NULL, NULL, 2, '2023-10-09 21:59:32', '2023-10-09 21:59:32'),
(76, 0, 2, 1, 15, NULL, 'CONT-CA', '172.16.14.145', NULL, '04-7C-16-15-77-C6', 'Intel ® Core™ i5-10400 CPU @ 2.90GHz', '8 GB', '64 bits', NULL, NULL, 2, '2023-10-09 21:59:32', '2023-10-09 21:59:32'),
(77, 0, 2, 1, 15, NULL, 'CONTABLE_IMP', '172.16.14.58', '10.0.250.31', 'E0-69-95-B3-E3-EC', 'INTEL CELERON E3400 CPU 2.60 GHz', '4 GB', '32 bits', NULL, NULL, 2, '2023-10-09 21:59:32', '2023-10-09 21:59:32'),
(78, 0, 2, 1, 16, NULL, 'GERADM', '172.16.15.38', NULL, '9C-5C-8E-D3-D6-99', 'INTEL CELERON CPU G1840 2.80 GHz ', '4 GB', '32 BITS', NULL, NULL, 2, '2023-10-09 21:59:32', '2023-10-09 21:59:32'),
(79, 0, 2, 1, 17, NULL, 'GERADM_ADJ', '172.16.15.42', '10.0.250.246', 'F4-4D-30-4F-7A-3B', 'INTEL CELERON CPU G3930 2.90 GHz', '4 GB', '32 bits', NULL, NULL, 2, '2023-10-09 21:59:32', '2023-10-09 21:59:32'),
(80, 0, 2, 1, 17, NULL, 'cont-ab', '172.16.14.144', NULL, 'D8-5E-D3-28-E9-35', 'INTEL CORE i3-10100 CPU 3.60 GHz', '8 GB', '64 bits', NULL, NULL, 2, '2023-10-09 21:59:32', '2023-10-09 21:59:32'),
(81, 0, 2, 1, 18, NULL, 'TESO_GB', '172.16.15.16', NULL, 'D0-50-99-4D-F4-D3', 'INTEL CORE i3-4170 CPU 3.70 GHz', '4 GB', '32 bits', NULL, NULL, 2, '2023-10-09 21:59:32', '2023-10-09 21:59:32'),
(82, 0, 2, 1, 18, NULL, 'TESO_CHEQUES ', '172.16.14.176', '10.0.250.87', '1C-1B-0D-C7-79-21', 'INTEL CELERON CPU G3930 2.90 GHz', '4 GB', '32 bits', NULL, NULL, 2, '2023-10-09 21:59:32', '2023-10-09 21:59:32'),
(83, 0, 2, 1, 18, NULL, 'ENC_TESO', '172.16.15.104', '10.0.250.33', '00-D8-61-2B-7D-67', 'INTEL CORE i3-7100 CPU 3.90 GHz', '4 GB', '32 bits', NULL, NULL, 2, '2023-10-09 21:59:32', '2023-10-09 21:59:32'),
(84, 0, 2, 1, 19, NULL, 'pers-dp', '172.16.14.175', NULL, 'D8-5E-D3-28-EA-68', 'INTEL CORE i3-10100 CPU 3.60 GHz', '8 GB', '64 bits', NULL, NULL, 2, '2023-10-09 21:59:32', '2023-10-09 21:59:32'),
(85, 0, 2, 1, 19, NULL, 'CONTABLE_AF', '172.16.14.217', '10.0.250.6', '74-D4-35-36-49-14', 'INTEL PENTIUM CPU G2030 3.00 GHZ', '4 GB', '32 bits', NULL, NULL, 2, '2023-10-09 21:59:32', '2023-10-09 21:59:32'),
(86, 0, 2, 1, 19, NULL, 'personal_e', '172.16.14.171', '10.0.250.20', '30-9C-23D4-F2-C2', 'INTEL CORE i3-91000F CPU 3.60 GHz', '4 GB', '32 bits', NULL, NULL, 2, '2023-10-09 21:59:32', '2023-10-09 21:59:32'),
(87, 0, 2, 1, 19, NULL, 'PERS_PD', '172.16.14.173', '10.0.250.21', '50.E5.49.8B-5B.0A', 'Pentium Dual-Core CPU E5700 3.00 GHz', '4 GB', '32 bits', NULL, NULL, 2, '2023-10-09 21:59:32', '2023-10-09 21:59:32'),
(88, 0, 2, 1, 19, NULL, 'PERSJEFE', '172.16.15.19', '10.0.250.19', '00-D8-61-9E-1F-19', 'INTEL CORE i3-91000F CPU 3.60 GHz', '4 GB', '64 bits', NULL, NULL, 2, '2023-10-09 21:59:32', '2023-10-09 21:59:32'),
(89, 0, 2, 1, 20, NULL, 'SIS', '172.16.14.25', NULL, '24-4B-FE-7F-51-2F', 'INTEL CORE i5-9400F CPU 2.90 GHz', '16 GB', '64 bits', NULL, NULL, 2, '2023-10-09 21:59:32', '2023-10-09 21:59:32'),
(90, 0, 2, 1, 20, NULL, 'ceciliam', '172.16.14.29', '10.0.250.229', '3C-7C-3F-0E-5C-6D', 'INTEL CORE i5-9400F CPU 2.90 GHz', '16 GB', '64 bits', NULL, NULL, 2, '2023-10-09 21:59:32', '2023-10-09 21:59:32'),
(91, 0, 2, 1, 20, NULL, 'sis-pasantes', '172.16.14.210', NULL, 'D8-5E-D3-90-B8-BF', 'INTEL CORE i3-10100 CPU 3.60 GHz', '8 GB', '64 bits', NULL, NULL, 2, '2023-10-09 21:59:32', '2023-10-09 21:59:32'),
(92, 0, 2, 1, 20, NULL, 'MILI-PC', '172.16.14.24', NULL, '24-4B-FE-7F-4C-41', 'INTEL CORE i5-9400F CPU 2.90 GHz', '16 GB', '64 bits', NULL, NULL, 2, '2023-10-09 21:59:32', '2023-10-09 21:59:32'),
(93, 0, 2, 1, 20, NULL, 'RUSTIKA-PC', '172.16.14.23', NULL, 'D8-BB-C1-A0-24-00', '11th Gen Intel® Core™ i5-11400 @ 2.60 GHz', '8 GB', '64 bits', NULL, NULL, 2, '2023-10-09 21:59:32', '2023-10-09 21:59:32'),
(94, 0, 2, 1, 20, NULL, 'ceBarrera', '172.16.14.26', '10.0.250.102', '24-4B-FE-7F-4C-82', 'INTEL CORE i5-9400F CPU 2.90 GHz', '16 GB', '64 bits', NULL, NULL, 2, '2023-10-09 21:59:32', '2023-10-09 21:59:32'),
(95, 0, 2, 1, 21, NULL, 'ATPPCTV', '172.16.15.212', NULL, '74-D0-2B-CA-D8-25', 'INTEL CORE i5-3330 CPU 3.00 GHz', '4 GB', '32 bits', NULL, NULL, 2, '2023-10-09 21:59:32', '2023-10-09 21:59:32'),
(96, 0, 2, 1, 21, NULL, 'CLAUDIOPC', '172.16.15.103', NULL, 'F4-F2-6D-05-46-07', 'INTEL CORE i7-6700 CPU 3.40 GHz', '8 GB', '32 bits', NULL, NULL, 2, '2023-10-09 21:59:32', '2023-10-09 21:59:32'),
(97, 0, 2, 1, 30, NULL, 'APYSUATP1', '172.16.15.154', NULL, 'E0-69-95-B3-E3-A1', 'Intel ® Celeron ® CPU E3400 @ 2.60 GHz', '2 GB', '32 bits', NULL, NULL, 2, '2023-10-09 21:59:32', '2023-10-09 21:59:32'),
(98, 0, 2, 1, 31, NULL, 'APYSU-LOTEO', '172.16.15.2', NULL, 'D8-5E-D3-90-B9-97', 'Intel ® Core ™ i3-10100 CPU @ 3.60 GHz', '8 GB ', '64 bits', NULL, NULL, 2, '2023-10-09 21:59:32', '2023-10-09 21:59:32'),
(99, 0, 2, 1, 31, NULL, 'OBRAS', '172.16.15.17', '10.0.250.12', '00-1C-C0-88-E9-EC', 'Intel ® Core™ Duo CPU E7200 @ 2.53 GHz', '2 GB', '32 bits', NULL, NULL, 2, '2023-10-09 21:59:32', '2023-10-09 21:59:32'),
(100, 0, 2, 1, 31, NULL, 'apy-tec-nd', '172.16.14.206', '10.0.250.44', '1C-87-2C-45-A6-E4', 'Intel ® Core™ i5-4440 CPU @ 3.10 GHZ', '8 GB', '64 bits', NULL, NULL, 2, '2023-10-09 21:59:32', '2023-10-09 21:59:32'),
(101, 0, 2, 1, 31, NULL, 'APY-TEC-CASATTI', '172.16.14.181', '10.0.250.46', 'D8-5E-D3-90-B8-C0', 'Intel ® Core ™ i3-10100 CPU @ 3.60 GHz', '8 GB', '64 bits', NULL, NULL, 2, '2023-10-09 21:59:32', '2023-10-09 21:59:32'),
(102, 0, 2, 1, 31, NULL, 'apysutecmaria', '172.16.14.227', '10.0.250.47', '60-E3.27.03.30.FB', 'Intel ® Core™ i5-4440 CPU @ 3.10 GHZ', '8 GB', '64 bits', NULL, NULL, 2, '2023-10-09 21:59:32', '2023-10-09 21:59:32'),
(103, 0, 2, 1, 31, NULL, 'APYSUgaston', '172.16.14.204', '10.0.250.135', '50-3E-AA-03-D6-B5', 'Intel ® Core™ i3-7100 CPU @ 3.90 GHZ', '4 GB', '64 bits', NULL, NULL, 2, '2023-10-09 21:59:32', '2023-10-09 21:59:32'),
(104, 0, 2, 1, 32, NULL, 'APYSU-PERSJP', '172.16.15.13', '10.0.250.28', 'D8-5E-D3-90-B8-BD', 'Intel ® Core ™ i3-10100 CPU @ 3.60 GHz', '8 GB', '64 bits', NULL, NULL, 2, '2023-10-09 21:59:32', '2023-10-09 21:59:32'),
(105, 0, 2, 1, 33, NULL, 'APYSULI', '172.16.14.221', '10.0.250.2', '2C-F0-5D-AB-DC-08', 'Intel ® Core ™ i3-10100 CPU @ 3.60 GHz', '8 GB', '64 bits', NULL, NULL, 2, '2023-10-09 21:59:32', '2023-10-09 21:59:32'),
(106, 0, 2, 1, 33, NULL, 'APYSU_BR', '172.16.14.208', '10.0.250.5', 'F4-6D-04-71-06-D3', 'AMD Phenom™ II X4 840 3.20 GHZ', '4 GB', '64 bits', NULL, NULL, 2, '2023-10-09 21:59:32', '2023-10-09 21:59:32'),
(107, 0, 2, 1, 34, NULL, 'gerencia-apysu', '172.16.14.54', '10.0.250.104', 'D8-5E-D3-90-B9-93', 'Intel ® Core ™ i3-10100 CPU @ 3.60 GHz', '8 GB', '64 bits', NULL, NULL, 2, '2023-10-09 21:59:32', '2023-10-09 21:59:32'),
(108, 0, 2, 1, 35, NULL, 'LAB_APYSU', '172.16.14.249', '10.0.250.1', '00-D8-61-2B-7D-BE', 'Intel ® Core™ i3-7100 CPU @ 3.90 GHZ', '4 GB', '32 bits', NULL, NULL, 2, '2023-10-09 21:59:32', '2023-10-09 21:59:32'),
(109, 0, 2, 1, 36, NULL, 'CORPICOGAS', '172.16.15.99', NULL, '00-30-67-DC-98-5C', 'Pentium Dual-CORE E5700 CPU @ 3.00 GHz', '2 GB', '32 bits', NULL, NULL, 2, '2023-10-09 21:59:32', '2023-10-09 21:59:32'),
(110, 0, 2, 1, 37, NULL, 'ALPYSU_NITO', '172.16.14.157', '10.0.250.210', '48-5B-39-EF-F6-15', 'Intel ® Celeron ® CPU E3300 @ 2.50 GHz', '2 GB', '32 bits', NULL, NULL, 2, '2023-10-09 21:59:32', '2023-10-09 21:59:32'),
(111, 0, 2, 1, 37, NULL, 'APYSUATP', '172.14.15.250', '10.0.250.223', '00-30-67-DD-68-65', 'Pentium Dual-CORE E5700 CPU @ 3.00 GHz', '2 GB', '32 bits', NULL, NULL, 2, '2023-10-09 21:59:32', '2023-10-09 21:59:32'),
(112, 0, 2, 1, 38, NULL, 'Biblioteca2', '172.16.14.229', NULL, '90-2B-34-CB-04-E0', 'Intel ®  Core™  i3-3220 CPU @ 3.30 GHz', '4 GB', '32 bits', NULL, NULL, 2, '2023-10-09 21:59:32', '2023-10-09 21:59:32'),
(113, 0, 2, 1, 38, NULL, 'PRENSA_JEF', '172.16.14.222', '10.0.250.254', 'D0-50-99-4D-F4-D5', 'INTEL CORE i3-4170 CPU 3.70 GHz', '4 GB', '32 bits', NULL, NULL, 2, '2023-10-09 21:59:32', '2023-10-09 21:59:32'),
(114, 0, 2, 1, 38, NULL, 'BIBLIO_ATP', '172.16.14.230', NULL, '94-DE-80-8A-E9-C5', 'Intel ® Pentium ® CPU G2030 @3.00GHz', '4 GB', '32 bits', NULL, NULL, 2, '2023-10-09 21:59:32', '2023-10-09 21:59:32'),
(115, 0, 2, 1, 38, NULL, 'Bibilotekam', '172.16.14.228', '10.0.250.51', '10-78-D2-10-E0-50', 'Pentium ® Dual-Core CPU E5200 @ 2.50GHz 2.49GHz', '2 GB', '32 bits', NULL, NULL, 2, '2023-10-09 21:59:32', '2023-10-09 21:59:32'),
(116, 0, 2, 1, 41, NULL, 'atptvpasante', '172.16.15.209', NULL, '18-C0-4D-C1-53-77', 'INTEL CORE i3-10100 CPU 3.60 GHz', '8 GB', '64 bits', NULL, NULL, 2, '2023-10-09 21:59:32', '2023-10-09 21:59:32'),
(117, 0, 2, 1, 41, NULL, 'ATPTV-PG', '172.16.14.124', NULL, '00-D8-61-9B-0F-E9', 'INTEL CORE i3-8100 CPU 3.60 GHz', '4 GB', '32 bits', NULL, NULL, 2, '2023-10-09 21:59:32', '2023-10-09 21:59:32'),
(118, 0, 2, 1, 41, NULL, 'ATP_TV2', '172.16.15.59', NULL, 'FC-AA-14-5B-8D-FB', 'INTEL CORE i3-4170 CPU 3.70 GHz', '4 GB', '32 bits', NULL, NULL, 2, '2023-10-09 21:59:32', '2023-10-09 21:59:32'),
(119, 0, 2, 1, 41, NULL, 'ATP_TV1', '172.16.15.58', NULL, 'FC-AA-14-5D-9B-AA', 'INTEL CORE i3-4170 CPU 3.70 GHz', '4 GB', '32 bits', NULL, NULL, 2, '2023-10-09 21:59:32', '2023-10-09 21:59:32'),
(120, 0, 2, 1, 41, NULL, 'ATP-TVINT5', '172.16.15.57', NULL, 'D8-53-D3-90-B8-C1', 'INTEL CORE i3-10100 CPU 3.60 GHz', '8 GB', '64 bits', NULL, NULL, 2, '2023-10-09 21:59:32', '2023-10-09 21:59:32'),
(121, 0, 2, 1, 44, NULL, 'TALLERAUTO', '172.16.14.57', '10.0.250.121', '48-5B-39-EF-F6-12', 'INTEL CELERON CPU E3300 2.50 GHz', '2 GB', '32 bits', NULL, NULL, 2, '2023-10-09 21:59:32', '2023-10-09 21:59:32'),
(122, 0, 2, 1, 45, NULL, 'almelejefe ', '172.16.14.236', NULL, 'D8-5E-D3-28-E9-34', 'INTEL CORE i3-10100 CPU 3.60 GHz', '8 GB', '64 bits', NULL, NULL, 2, '2023-10-09 21:59:32', '2023-10-09 21:59:32'),
(123, 0, 2, 1, 45, NULL, 'ALMELE2', '172.16.15.101', '10.0.250.151', '00-30-67-DD-8E-9C', 'Pentium Dual-Core CPU E5700 3.00 GHz', '4 GB', '32 bits', NULL, NULL, 2, '2023-10-09 21:59:32', '2023-10-09 21:59:32'),
(124, 0, 2, 1, 46, NULL, 'CONEXIONES_LA', '172.16.14.167', '10.0.250.13', 'B4-2E-99-49-BA-03', 'AMD A6 3.5GHz', '4 GB', '32 bits', NULL, NULL, 2, '2023-10-09 21:59:32', '2023-10-09 21:59:32'),
(125, 0, 2, 1, 46, NULL, 'CONEXIONES_SG', '172.16.15.102', '10.0.20.251', 'B4-2E-99-49-B6-E3', 'AMD A6 3.5GHz', '4 GB', '32 bits', NULL, NULL, 2, '2023-10-09 21:59:32', '2023-10-09 21:59:32'),
(126, 0, 2, 1, 46, NULL, 'DISTRIB-KP', '172.16.14.120', '10.0.250.72', '90-2B-34-CB-04-16', 'INTEL CORE i3-3220 CPU 3.3 GHz', '4 GB', '32 bits', NULL, NULL, 2, '2023-10-09 21:59:32', '2023-10-09 21:59:32'),
(127, 0, 2, 1, 46, NULL, 'DISTRIB-SM', '172.16.14.220', '10.0.250.17', '00-D8-61-9B-0F-EA', 'INTEL CORE i3-8100 CPU 3.60 GHz', '4 GB', '64 bits', NULL, NULL, 2, '2023-10-09 21:59:32', '2023-10-09 21:59:32'),
(128, 0, 2, 1, 47, NULL, 'tecnica-mb', '172.16.14.118', '10.0.67.254', 'D8-5E-D3-29-51-5F', 'INTEL CORE i3-10100 CPU 3.60 GHz', '8 GB', '64 bits', NULL, NULL, 2, '2023-10-09 21:59:32', '2023-10-09 21:59:32'),
(129, 0, 2, 1, 47, NULL, 'Distrib-lp', '172.16.15.30', '10.0.68.253', 'D8-5E-D3-90-B9-4A', 'INTEL CORE i3-10100 CPU 3.60 GHz', '8 GB', '64 bits', NULL, NULL, 2, '2023-10-09 21:59:32', '2023-10-09 21:59:32'),
(130, 0, 2, 1, 47, NULL, 'jefe_cal_serv', '172.16.15.7', '10.0.67.253', 'D8-BB-C1-A0-24-0F', '11th Gen Intel® Core™ i5-11400 @ 2.60 GHz', '8 GB', '64 bits', NULL, NULL, 2, '2023-10-09 21:59:32', '2023-10-09 21:59:32'),
(131, 0, 2, 1, 47, NULL, 'lab_electrico', '172.16.15.20', '10.0.250.63', 'D8-5E-D3-90-B8-C3', 'INTEL CORE i3-10100 CPU 3.60 GHz', '8 GB', '64 bits', NULL, NULL, 2, '2023-10-09 21:59:32', '2023-10-09 21:59:32'),
(132, 0, 2, 1, 47, NULL, 'admin', '172.16.14.184', '10.0.250.114', 'D8-53-D3-90-C0-6B', 'INTEL CORE i3-10100 CPU 3.60 GHz', '8 GB', '64 bits', NULL, NULL, 2, '2023-10-09 21:59:32', '2023-10-09 21:59:32'),
(133, 0, 2, 1, 48, NULL, 'JEF-SOPOP', '172.16.15.4', '10.0.250.116', 'BC-5F-F4-15-FD-5F', 'INTEL PENTIUM CPU G2030 3.00 GHz', '4 GB', '64 bits', NULL, NULL, 2, '2023-10-09 21:59:32', '2023-10-09 21:59:32'),
(134, 0, 2, 1, 22, NULL, 'ASESLEGAL', '172.16.14.148', NULL, '1C-1B-0D-CA-45-F1', 'Intel ® Celeron ® CPU G3930 @ 2.90GHz', '4 GB', '32 BITS', NULL, NULL, 2, '2023-10-09 21:59:32', '2023-10-09 21:59:32'),
(135, 0, 2, 1, 23, NULL, 'sindico1', '172.16.14.187', NULL, 'B4-2E-99-51-E3-B1', 'Intel ® Core™ i3-8100 CPU @ 3.60GHz', '4 GB', '64 BITS', NULL, NULL, 2, '2023-10-09 21:59:32', '2023-10-09 21:59:32'),
(136, 0, 2, 1, 24, NULL, 'sec-ab', '172.16.14.163', '10.0.250.93', 'D8-5E-D3-29-51-47', 'Intel ® Core™ i3-10100 CPU @ 3.60GHz', '8 GB', '64 BITS', NULL, NULL, 2, '2023-10-09 21:59:32', '2023-10-09 21:59:32'),
(137, 0, 2, 1, 24, NULL, 'SECLUCIA', '172.16.14.165', '10.0.250.152', '70-85-C2-40-9E-D4', 'Intel ® Celeron ® CPU j3355 @ 2.00 GHz', '4 GB', '32 BITS', NULL, NULL, 2, '2023-10-09 21:59:32', '2023-10-09 21:59:32'),
(138, 0, 2, 1, 25, NULL, 'PROTES2', '172.16.14.246', NULL, 'EC-08-6B-00-01-8C', 'Pentium ® Dual-Core CPU E5200 @ 2.50GHz', '3 GB', '32 BITS', NULL, NULL, 2, '2023-10-09 21:59:32', '2023-10-09 21:59:32'),
(139, 0, 2, 1, 25, NULL, 'CONSEJO-ZAMP', '172.16.15.40', '10.0.250.57', 'B4-2E-99-51-DD-59', 'Intel ® Core™ i3-8100 CPU @ 3.60GHz', '4 GB', '32 BITS', NULL, NULL, 2, '2023-10-09 21:59:32', '2023-10-09 21:59:32'),
(140, 0, 2, 1, 25, NULL, 'cons-tesorero', '172.16.15.34', NULL, 'D8-BB-C1-A0-24-02', '11th Gen Intel® Core™ i5-11400 @ 2.60 GHz', '8 GB', '64 BITS', NULL, NULL, 2, '2023-10-09 21:59:32', '2023-10-09 21:59:32'),
(141, 0, 2, 1, 26, NULL, 'CONSEJO-PRESID', '172.16.14.197', '10.0.250.56', '00-D8-61-2B-7C-A4', 'Intel ® Core™ i3-7100 CPU @ 3.90GHz', '4 GB', '32 BITS', NULL, NULL, 2, '2023-10-09 21:59:32', '2023-10-09 21:59:32'),
(142, 0, 2, 1, 27, NULL, 'PROSEC', '172.16.15.35', '10.0.250.55', 'D4-5D-64-B7-7C-C0', 'Intel ® Core™ i5-10400 CPU @ 2.90GHz', '8 GB ', '64 bits', NULL, NULL, 2, '2023-10-09 21:59:32', '2023-10-09 21:59:32'),
(143, 0, 2, 1, 28, NULL, 'CONSEJO_ZAMP', '172.16.15.11', NULL, 'D8-5E-D3-28-E9-3E', 'Intel® Core™ I3-10100 CPU @ 3.60GHz', '8 GB ', '64 bits', NULL, NULL, 2, '2023-10-09 21:59:32', '2023-10-09 21:59:32'),
(144, 0, 2, 1, 49, NULL, 'encast', '192.168.43.17', NULL, '90-4C-E5-E1-E1-C0', 'INTEL CORE 2DUO CPU T6670  2.20 GHz', '2 GB', '32 bits', NULL, NULL, 2, '2023-10-09 21:59:32', '2023-10-09 21:59:32');

-- --------------------------------------------------------

--
-- Estructura de tabla para la tabla `computadoras_impresoras`
--

CREATE TABLE `computadoras_impresoras` (
  `id` bigint(20) UNSIGNED NOT NULL,
  `id_computadora` bigint(20) UNSIGNED NOT NULL,
  `id_impresora` bigint(20) UNSIGNED NOT NULL,
  `created_at` timestamp NULL DEFAULT NULL,
  `updated_at` timestamp NULL DEFAULT NULL
) ENGINE=InnoDB DEFAULT CHARSET=utf8mb4 COLLATE=utf8mb4_unicode_ci;

--
-- Volcado de datos para la tabla `computadoras_impresoras`
--

INSERT INTO `computadoras_impresoras` (`id`, `id_computadora`, `id_impresora`, `created_at`, `updated_at`) VALUES
(5, 18, 119, '2023-10-12 19:15:21', '2023-10-12 19:15:21'),
(8, 19, 117, '2023-10-12 19:29:12', '2023-10-12 19:29:12'),
(9, 20, 118, '2023-10-12 19:29:35', '2023-10-12 19:29:35'),
(10, 124, 202, '2023-10-12 19:30:18', '2023-10-12 19:30:18'),
(11, 125, 201, '2023-10-12 19:32:09', '2023-10-12 19:32:09'),
(12, 144, 211, '2023-10-12 19:34:11', '2023-10-12 19:34:11'),
(13, 122, 206, '2023-10-12 19:34:56', '2023-10-12 19:34:56'),
(14, 123, 207, '2023-10-12 19:35:15', '2023-10-12 19:35:15'),
(15, 134, 176, '2023-10-12 19:35:30', '2023-10-12 19:35:30'),
(16, 117, 181, '2023-10-12 19:36:00', '2023-10-12 19:36:00'),
(17, 118, 182, '2023-10-12 19:36:11', '2023-10-12 19:36:11'),
(18, 97, 193, '2023-10-12 19:36:36', '2023-10-12 19:36:36'),
(19, 115, 198, '2023-10-12 19:36:57', '2023-10-12 19:36:57'),
(20, 29, 106, '2023-10-12 19:37:42', '2023-10-12 19:37:42'),
(21, 30, 105, '2023-10-12 19:37:57', '2023-10-12 19:37:57'),
(22, 31, 104, '2023-10-12 19:38:14', '2023-10-12 19:38:14'),
(23, 32, 106, '2023-10-12 19:38:32', '2023-10-12 19:38:32'),
(24, 33, 107, '2023-10-12 19:38:47', '2023-10-12 19:38:47'),
(25, 43, 123, '2023-10-12 19:39:14', '2023-10-12 19:39:14'),
(26, 44, 124, '2023-10-12 19:39:23', '2023-10-12 19:39:23'),
(27, 47, 121, '2023-10-12 19:39:55', '2023-10-12 19:39:55'),
(28, 142, 174, '2023-10-12 19:40:38', '2023-10-12 19:40:38'),
(29, 72, 147, '2023-10-12 19:41:18', '2023-10-12 19:41:18'),
(30, 69, 146, '2023-10-12 19:41:43', '2023-10-12 19:41:43'),
(31, 78, 134, '2023-10-12 19:44:17', '2023-10-12 19:44:17'),
(32, 107, 197, '2023-10-12 19:44:39', '2023-10-12 19:44:39'),
(33, 105, 196, '2023-10-12 19:46:03', '2023-10-12 19:46:03'),
(34, 96, 167, '2023-10-12 19:47:45', '2023-10-12 19:47:45'),
(35, 57, 158, '2023-10-12 19:48:30', '2023-10-12 19:48:30'),
(36, 87, 160, '2023-10-12 19:48:58', '2023-10-12 19:48:58'),
(37, 104, 194, '2023-10-12 19:49:25', '2023-10-12 19:49:25'),
(38, 61, 148, '2023-10-12 19:49:41', '2023-10-12 19:49:41'),
(39, 25, 113, '2023-10-12 19:50:06', '2023-10-12 19:50:06'),
(40, 26, 116, '2023-10-12 19:50:27', '2023-10-12 19:50:27'),
(41, 28, 114, '2023-10-12 19:52:00', '2023-10-12 19:52:00'),
(42, 136, 171, '2023-10-12 19:52:29', '2023-10-12 19:52:29'),
(43, 41, 128, '2023-10-12 19:52:46', '2023-10-12 19:52:46'),
(44, 135, 177, '2023-10-12 19:53:06', '2023-10-12 19:53:06'),
(45, 93, 165, '2023-10-12 19:53:24', '2023-10-12 19:53:24'),
(46, 42, 129, '2023-10-12 19:53:44', '2023-10-12 19:53:44'),
(47, 121, 199, '2023-10-12 19:53:58', '2023-10-12 19:53:58'),
(48, 81, 141, '2023-10-12 19:54:13', '2023-10-12 19:54:13'),
(49, 82, 139, '2023-10-12 19:54:26', '2023-10-12 19:54:26'),
(50, 83, 140, '2023-10-12 19:54:45', '2023-10-12 19:54:45'),
(51, 40, 127, '2023-10-12 19:55:01', '2023-10-12 19:55:01'),
(52, 23, 109, '2023-10-12 19:55:47', '2023-10-12 19:55:47'),
(53, 24, 111, '2023-10-12 19:56:17', '2023-10-12 19:56:17'),
(54, 22, 110, '2023-10-12 19:56:28', '2023-10-12 19:56:28'),
(55, 21, 108, '2023-10-12 19:56:40', '2023-10-12 19:56:40');

-- --------------------------------------------------------

--
-- Estructura de tabla para la tabla `computadoras_softwares`
--

CREATE TABLE `computadoras_softwares` (
  `id` bigint(20) UNSIGNED NOT NULL,
  `id_software` bigint(20) UNSIGNED NOT NULL,
  `id_computadora` bigint(20) UNSIGNED NOT NULL,
  `created_at` timestamp NULL DEFAULT NULL,
  `updated_at` timestamp NULL DEFAULT NULL
) ENGINE=InnoDB DEFAULT CHARSET=utf8mb4 COLLATE=utf8mb4_unicode_ci;

-- --------------------------------------------------------

--
-- Estructura de tabla para la tabla `condiciones`
--

CREATE TABLE `condiciones` (
  `id` bigint(20) UNSIGNED NOT NULL,
  `descripcion` varchar(255) NOT NULL,
  `created_at` timestamp NULL DEFAULT NULL,
  `updated_at` timestamp NULL DEFAULT NULL
) ENGINE=InnoDB DEFAULT CHARSET=utf8mb4 COLLATE=utf8mb4_unicode_ci;

--
-- Volcado de datos para la tabla `condiciones`
--

INSERT INTO `condiciones` (`id`, `descripcion`, `created_at`, `updated_at`) VALUES
(1, 'Nueva', '2023-10-04 19:10:11', '2023-10-04 19:10:11'),
(2, 'Reacondicionada', '2023-10-04 19:10:17', '2023-10-04 19:10:17'),
(3, 'Descompuesta', '2023-10-04 19:10:28', '2023-10-04 19:10:28');

-- --------------------------------------------------------

--
-- Estructura de tabla para la tabla `consumibles`
--

CREATE TABLE `consumibles` (
  `id` bigint(20) UNSIGNED NOT NULL,
  `id_uso` bigint(20) UNSIGNED NOT NULL,
  `id_tipo` bigint(20) UNSIGNED NOT NULL,
  `codigo` varchar(255) NOT NULL,
  `descripcion` varchar(255) DEFAULT NULL,
  `created_at` timestamp NULL DEFAULT NULL,
  `updated_at` timestamp NULL DEFAULT NULL
) ENGINE=InnoDB DEFAULT CHARSET=utf8mb4 COLLATE=utf8mb4_unicode_ci;

--
-- Volcado de datos para la tabla `consumibles`
--

INSERT INTO `consumibles` (`id`, `id_uso`, `id_tipo`, `codigo`, `descripcion`, `created_at`, `updated_at`) VALUES
(1, 1, 1, 'TN 580', NULL, '2023-10-04 19:22:15', '2023-10-04 19:22:15'),
(2, 4, 1, '105A', NULL, '2023-10-04 19:33:41', '2023-10-04 19:33:41'),
(3, 5, 1, '136A', NULL, '2023-10-04 19:48:44', '2023-10-04 19:48:44'),
(4, 6, 1, '217A', NULL, '2023-10-04 19:48:57', '2023-10-04 19:48:57'),
(5, 7, 1, '226A', NULL, '2023-10-04 19:49:12', '2023-10-04 19:49:12'),
(6, 2, 1, '230A', NULL, '2023-10-04 19:49:24', '2023-10-04 19:49:24'),
(7, 8, 1, '258A', NULL, '2023-10-04 19:49:37', '2023-10-04 19:49:37'),
(8, 9, 1, '2612A', NULL, '2023-10-04 19:50:07', '2023-10-04 19:50:07'),
(9, 6, 1, '278A', NULL, '2023-10-04 19:50:21', '2023-10-04 19:50:21'),
(10, 10, 1, '280A', NULL, '2023-10-04 19:50:33', '2023-10-04 19:50:33'),
(11, 11, 1, '283A', NULL, '2023-10-04 19:50:44', '2023-10-04 19:50:44'),
(12, 3, 1, '285A', NULL, '2023-10-04 19:50:54', '2023-10-04 19:50:54'),
(13, 1, 1, '287A', NULL, '2023-10-04 19:51:05', '2023-10-04 19:51:05'),
(14, 3, 1, '350A', NULL, '2023-10-04 19:51:16', '2023-10-04 19:51:16'),
(15, 12, 1, '435A', NULL, '2023-10-04 19:51:26', '2023-10-04 19:51:26'),
(16, 13, 1, '436A', NULL, '2023-10-04 19:51:38', '2023-10-04 19:51:38'),
(17, 14, 1, '505A', NULL, '2023-10-04 19:51:49', '2023-10-04 19:51:49'),
(18, 15, 1, 'D101S', NULL, '2023-10-04 19:52:02', '2023-10-04 19:52:02'),
(19, 16, 1, 'D111S', NULL, '2023-10-04 19:52:18', '2023-10-04 19:52:18'),
(20, 17, 1, 'D115L', NULL, '2023-10-04 19:52:33', '2023-10-04 19:52:33'),
(21, 18, 1, 'D116L', NULL, '2023-10-04 19:52:43', '2023-10-04 19:52:43'),
(22, 19, 1, '103A', NULL, '2023-10-04 19:52:57', '2023-10-04 19:52:57'),
(23, 15, 2, 'L0S50AL', 'Cyan', '2023-10-04 19:53:56', '2023-10-04 19:57:41'),
(24, 15, 2, 'L0S68AL', 'Amarillo', '2023-10-04 19:54:31', '2023-10-04 19:54:31'),
(25, 15, 2, 'L0S53AL', 'Magenta', '2023-10-04 19:58:12', '2023-10-04 19:58:12'),
(26, 15, 2, 'L0S71AL', 'Negro', '2023-10-04 19:58:31', '2023-10-04 19:58:31'),
(27, 3, 2, 'C4836A', 'Cyan', '2023-10-04 19:59:18', '2023-10-04 19:59:18'),
(28, 3, 2, 'C4838A', 'Amarillo', '2023-10-04 19:59:39', '2023-10-04 19:59:39'),
(29, 3, 2, 'C4837A', 'Magenta', '2023-10-04 19:59:50', '2023-10-04 20:00:09'),
(30, 3, 2, 'CH565A', 'Negro', '2023-10-04 20:00:31', '2023-10-04 20:00:31'),
(31, 21, 2, 'CN054AL', 'Cyan', '2023-10-04 20:01:00', '2023-10-04 20:01:00'),
(32, 21, 2, 'CN056A', 'Amarillo', '2023-10-04 20:01:21', '2023-10-04 20:01:21'),
(33, 21, 2, 'CN055A', 'Magenta', '2023-10-04 20:01:42', '2023-10-04 20:01:42'),
(34, 21, 2, 'CN053AL', 'Negro', '2023-10-04 20:02:05', '2023-10-04 20:02:05'),
(35, 22, 2, 'BY5001C', 'Cyan', '2023-10-04 20:02:34', '2023-10-04 20:02:34'),
(36, 22, 2, 'BT5001Y', 'Amarillo', '2023-10-04 20:02:54', '2023-10-04 20:02:54'),
(37, 22, 2, 'BT2001M', 'Magenta', '2023-10-04 20:03:17', '2023-10-04 20:03:17'),
(38, 22, 2, 'BT6001BK', 'Negro', '2023-10-04 20:03:39', '2023-10-04 20:03:39'),
(39, 23, 2, 'CZ130A', 'Cyan', '2023-10-04 20:04:05', '2023-10-04 20:04:05'),
(40, 23, 2, 'CZ132A', 'Amarillo', '2023-10-04 20:04:19', '2023-10-04 20:04:19'),
(41, 23, 2, 'CZ131A', 'Magenta', '2023-10-04 20:04:35', '2023-10-04 20:04:35'),
(42, 23, 2, 'CZ133A', 'Negro', '2023-10-04 20:04:50', '2023-10-04 20:04:50'),
(43, 23, 1, '103A', NULL, '2023-10-11 20:01:41', '2023-10-11 20:01:41'),
(44, 2, 1, 'MP601', NULL, '2023-10-11 20:07:42', '2023-10-11 20:07:42'),
(45, 21, 2, '933 XLC', 'CYAN', '2023-10-11 20:20:54', '2023-10-11 20:20:54'),
(46, 21, 2, '932 XL BK', 'Negro', '2023-10-11 20:21:12', '2023-10-11 20:21:12'),
(47, 23, 1, 'MP301', NULL, '2023-10-11 20:26:22', '2023-10-11 20:26:22');

-- --------------------------------------------------------

--
-- Estructura de tabla para la tabla `consumibles_impresoras`
--

CREATE TABLE `consumibles_impresoras` (
  `id` bigint(20) UNSIGNED NOT NULL,
  `id_consumible` bigint(20) UNSIGNED NOT NULL,
  `id_impresora` bigint(20) UNSIGNED NOT NULL,
  `created_at` timestamp NULL DEFAULT NULL,
  `updated_at` timestamp NULL DEFAULT NULL
) ENGINE=InnoDB DEFAULT CHARSET=utf8mb4 COLLATE=utf8mb4_unicode_ci;

--
-- Volcado de datos para la tabla `consumibles_impresoras`
--

INSERT INTO `consumibles_impresoras` (`id`, `id_consumible`, `id_impresora`, `created_at`, `updated_at`) VALUES
(3, 1, 212, '2023-10-11 19:13:31', '2023-10-11 19:13:31'),
(4, 11, 101, '2023-10-11 19:15:03', '2023-10-11 19:15:03'),
(7, 13, 103, '2023-10-11 19:57:09', '2023-10-11 19:57:09'),
(8, 5, 104, '2023-10-11 19:57:26', '2023-10-11 19:57:26'),
(9, 7, 105, '2023-10-11 19:58:18', '2023-10-11 19:58:18'),
(10, 5, 106, '2023-10-11 19:58:40', '2023-10-11 19:58:40'),
(11, 6, 107, '2023-10-11 19:59:01', '2023-10-11 19:59:01'),
(12, 4, 108, '2023-10-11 19:59:18', '2023-10-11 19:59:18'),
(13, 2, 110, '2023-10-11 20:00:04', '2023-10-11 20:00:04'),
(14, 20, 116, '2023-10-11 20:00:39', '2023-10-11 20:00:39'),
(15, 21, 118, '2023-10-11 20:00:57', '2023-10-11 20:00:57'),
(16, 43, 119, '2023-10-11 20:02:13', '2023-10-11 20:02:13'),
(17, 8, 120, '2023-10-11 20:02:24', '2023-10-11 20:02:24'),
(18, 3, 122, '2023-10-11 20:02:56', '2023-10-11 20:02:56'),
(19, 2, 123, '2023-10-11 20:03:13', '2023-10-11 20:03:13'),
(20, 17, 126, '2023-10-11 20:03:59', '2023-10-11 20:03:59'),
(21, 11, 127, '2023-10-11 20:04:21', '2023-10-11 20:04:21'),
(22, 18, 130, '2023-10-11 20:04:54', '2023-10-11 20:04:54'),
(23, 43, 131, '2023-10-11 20:05:10', '2023-10-11 20:05:10'),
(24, 19, 132, '2023-10-11 20:05:26', '2023-10-11 20:05:26'),
(25, 9, 134, '2023-10-11 20:06:13', '2023-10-11 20:06:13'),
(26, 44, 136, '2023-10-11 20:08:05', '2023-10-11 20:08:05'),
(27, 8, 138, '2023-10-11 20:08:22', '2023-10-11 20:08:22'),
(29, 23, 149, '2023-10-11 20:17:24', '2023-10-11 20:17:24'),
(30, 24, 149, '2023-10-11 20:17:38', '2023-10-11 20:17:38'),
(31, 25, 149, '2023-10-11 20:17:51', '2023-10-11 20:17:51'),
(32, 26, 149, '2023-10-11 20:18:01', '2023-10-11 20:18:01'),
(33, 27, 151, '2023-10-11 20:18:37', '2023-10-11 20:18:37'),
(34, 28, 151, '2023-10-11 20:18:48', '2023-10-11 20:18:48'),
(35, 29, 151, '2023-10-11 20:19:04', '2023-10-11 20:19:04'),
(36, 30, 151, '2023-10-11 20:19:20', '2023-10-11 20:19:20'),
(37, 45, 152, '2023-10-11 20:21:28', '2023-10-11 20:21:28'),
(38, 32, 152, '2023-10-11 20:21:41', '2023-10-11 20:21:41'),
(39, 33, 152, '2023-10-11 20:21:52', '2023-10-11 20:21:52'),
(40, 46, 152, '2023-10-11 20:22:01', '2023-10-11 20:22:01'),
(41, 2, 153, '2023-10-11 20:22:18', '2023-10-11 20:22:18'),
(42, 16, 158, '2023-10-11 20:23:20', '2023-10-11 20:23:39'),
(43, 14, 159, '2023-10-11 20:24:43', '2023-10-11 20:24:43'),
(44, 47, 166, '2023-10-11 20:26:48', '2023-10-11 20:26:48'),
(45, 19, 163, '2023-10-11 20:27:24', '2023-10-11 20:27:24'),
(46, 1, 170, '2023-10-11 20:27:42', '2023-10-11 20:27:42'),
(47, 12, 174, '2023-10-11 20:28:29', '2023-10-11 20:28:29'),
(48, 35, 189, '2023-10-11 20:31:29', '2023-10-11 20:31:29'),
(49, 36, 189, '2023-10-11 20:31:37', '2023-10-11 20:31:37'),
(50, 37, 189, '2023-10-11 20:31:45', '2023-10-11 20:31:45'),
(51, 38, 189, '2023-10-11 20:32:04', '2023-10-11 20:32:04'),
(52, 39, 192, '2023-10-11 20:32:58', '2023-10-11 20:32:58'),
(53, 40, 192, '2023-10-11 20:33:06', '2023-10-11 20:33:06'),
(54, 41, 192, '2023-10-11 20:33:15', '2023-10-11 20:33:15'),
(55, 42, 192, '2023-10-11 20:33:26', '2023-10-11 20:33:26'),
(57, 16, 120, '2023-10-11 20:38:30', '2023-10-11 20:38:30'),
(58, 2, 100, '2023-10-11 20:38:41', '2023-10-11 20:38:41'),
(59, 2, 195, '2023-10-11 20:39:27', '2023-10-11 20:39:27'),
(60, 15, 204, '2023-10-11 20:39:41', '2023-10-11 20:39:41'),
(61, 10, 196, '2023-10-11 20:41:19', '2023-10-11 20:41:19'),
(62, 9, 208, '2023-10-11 20:42:20', '2023-10-11 20:42:20');

-- --------------------------------------------------------

--
-- Estructura de tabla para la tabla `criticidades`
--

CREATE TABLE `criticidades` (
  `id` bigint(20) UNSIGNED NOT NULL,
  `nombre` varchar(255) NOT NULL,
  `descripcion` varchar(255) NOT NULL,
  `created_at` timestamp NULL DEFAULT NULL,
  `updated_at` timestamp NULL DEFAULT NULL
) ENGINE=InnoDB DEFAULT CHARSET=utf8mb4 COLLATE=utf8mb4_unicode_ci;

--
-- Volcado de datos para la tabla `criticidades`
--

INSERT INTO `criticidades` (`id`, `nombre`, `descripcion`, `created_at`, `updated_at`) VALUES
(1, '', 'baja', '2023-10-04 19:04:19', '2023-10-04 19:04:19'),
(2, '', 'media baja', '2023-10-04 19:04:29', '2023-10-04 19:04:29'),
(3, '', 'media', '2023-10-04 19:04:35', '2023-10-04 19:04:35'),
(4, '', 'media alta', '2023-10-04 19:04:44', '2023-10-04 19:04:44'),
(5, '', 'alta', '2023-10-04 19:04:47', '2023-10-04 19:08:09');

-- --------------------------------------------------------

--
-- Estructura de tabla para la tabla `estados`
--

CREATE TABLE `estados` (
  `id` bigint(20) UNSIGNED NOT NULL,
  `descripcion` varchar(255) NOT NULL,
  `created_at` timestamp NULL DEFAULT NULL,
  `updated_at` timestamp NULL DEFAULT NULL
) ENGINE=InnoDB DEFAULT CHARSET=utf8mb4 COLLATE=utf8mb4_unicode_ci;

--
-- Volcado de datos para la tabla `estados`
--

INSERT INTO `estados` (`id`, `descripcion`, `created_at`, `updated_at`) VALUES
(1, 'En stock', '2023-10-04 19:11:08', '2023-10-04 19:11:08'),
(2, 'En uso', '2023-10-04 19:11:36', '2023-10-04 19:11:36'),
(3, 'En reparacion', '2023-10-04 19:11:44', '2023-10-04 19:11:44'),
(4, 'En revicion', '2023-10-04 19:11:49', '2023-10-04 19:11:49'),
(5, 'Sin uso', '2023-10-05 16:25:03', '2023-10-18 20:32:37');

-- --------------------------------------------------------

--
-- Estructura de tabla para la tabla `failed_jobs`
--

CREATE TABLE `failed_jobs` (
  `id` bigint(20) UNSIGNED NOT NULL,
  `uuid` varchar(255) NOT NULL,
  `connection` text NOT NULL,
  `queue` text NOT NULL,
  `payload` longtext NOT NULL,
  `exception` longtext NOT NULL,
  `failed_at` timestamp NOT NULL DEFAULT current_timestamp()
) ENGINE=InnoDB DEFAULT CHARSET=utf8mb4 COLLATE=utf8mb4_unicode_ci;

-- --------------------------------------------------------

--
-- Estructura de tabla para la tabla `impresoras`
--

CREATE TABLE `impresoras` (
  `id` bigint(20) UNSIGNED NOT NULL,
  `id_sector` bigint(20) UNSIGNED NOT NULL,
  `id_criticidad` bigint(20) UNSIGNED NOT NULL,
  `marca` varchar(255) NOT NULL,
  `modelo` varchar(255) NOT NULL,
  `conectividad` varchar(255) DEFAULT NULL,
  `ip` varchar(255) DEFAULT NULL,
  `autonomia_resma` varchar(255) DEFAULT NULL,
  `id_estado` bigint(20) UNSIGNED NOT NULL,
  `observaciones` varchar(255) DEFAULT NULL,
  `created_at` timestamp NULL DEFAULT NULL,
  `updated_at` timestamp NULL DEFAULT NULL
) ENGINE=InnoDB DEFAULT CHARSET=utf8mb4 COLLATE=utf8mb4_unicode_ci;

--
-- Volcado de datos para la tabla `impresoras`
--

INSERT INTO `impresoras` (`id`, `id_sector`, `id_criticidad`, `marca`, `modelo`, `conectividad`, `ip`, `autonomia_resma`, `id_estado`, `observaciones`, `created_at`, `updated_at`) VALUES
(97, 50, 1, 'HP', 'LaserJet Pro M501dn', NULL, NULL, NULL, 1, NULL, '2023-10-05 21:15:21', '2023-10-05 21:15:21'),
(98, 50, 1, 'HP', 'Neverstop 1200A', NULL, NULL, NULL, 1, NULL, '2023-10-05 21:16:01', '2023-10-05 21:16:01'),
(99, 50, 1, 'HP', 'Neverstop 1200A', NULL, NULL, NULL, 1, NULL, '2023-10-05 21:16:18', '2023-10-05 21:16:18'),
(100, 50, 1, 'HP', 'LaserJet 107A', NULL, NULL, NULL, 1, NULL, '2023-10-05 21:16:43', '2023-10-05 21:16:43'),
(101, 51, 3, 'HP', 'LaserJet Pro MFP127fn', 'USB', NULL, '1 Resma cada 2 meses', 2, NULL, '2023-10-05 21:23:58', '2023-10-05 21:23:58'),
(102, 51, 3, 'HP', 'LaserJet Pro MFP127fn', 'USB', NULL, NULL, 2, NULL, '2023-10-05 21:25:26', '2023-10-05 21:25:26'),
(103, 4, 5, 'HP', 'LaserJet Pro M501', NULL, NULL, '1 Resma por dia', 2, NULL, '2023-10-05 21:25:26', '2023-10-05 21:25:26'),
(104, 4, 5, 'HP', 'LaserJet Pro M402dn', 'USB', NULL, '1 Resma por dia', 2, NULL, '2023-10-05 21:25:26', '2023-10-05 21:25:26'),
(105, 4, 5, 'HP', 'LaserJet Pro M404dw', 'USB', NULL, '1 Resma por dia', 2, NULL, '2023-10-05 21:25:26', '2023-10-05 21:25:26'),
(106, 4, 5, 'HP', 'LaserJet Pro M402dne', 'USB', NULL, '1 Resma por dia', 2, NULL, '2023-10-05 21:25:26', '2023-10-05 21:25:26'),
(107, 4, 5, 'HP', 'LaserJet Pro M203 dw', 'USB', NULL, '1 Resma por dia', 2, NULL, '2023-10-05 21:25:26', '2023-10-05 21:25:26'),
(108, 2, 4, 'HP', 'LaserJet Pro MFP M130fw', 'USB', NULL, '1 resma por semana', 2, 'mancha la hoja cuando imprime', '2023-10-05 21:25:26', '2023-10-05 21:25:26'),
(109, 2, 4, 'HP', 'LaserJet Pro MFP127fn ', 'USB', NULL, '1 resma por semana', 2, NULL, '2023-10-05 21:25:26', '2023-10-05 21:25:26'),
(110, 2, 4, 'HP', 'LaserJet Pro M137fnw', 'USB', NULL, '1 resma por semana', 2, NULL, '2023-10-05 21:25:26', '2023-10-05 21:25:26'),
(111, 2, 4, 'HP', 'LaserJet Pro MFP127fn', 'USB', NULL, '1 resma por semana', 2, NULL, '2023-10-05 21:25:26', '2023-10-05 21:25:26'),
(112, 3, 4, 'HP', 'LaserJet Pro MFP M130fw', NULL, NULL, '1 resma por semana', 2, NULL, '2023-10-05 21:25:26', '2023-10-05 21:25:26'),
(113, 3, 4, 'HP', 'LaserJet Pro M137fnw', 'USB', NULL, '1 resma cada 2 semanas', 2, NULL, '2023-10-05 21:25:26', '2023-10-05 21:25:26'),
(114, 3, 4, 'HP', 'LaserJet Pro M137fnw', 'USB', NULL, '1 resma cada 2 semanas', 2, NULL, '2023-10-05 21:25:26', '2023-10-05 21:25:26'),
(115, 3, 4, 'HP', 'LaserJet Pro M203 dw', NULL, NULL, NULL, 2, NULL, '2023-10-05 21:25:26', '2023-10-05 21:25:26'),
(116, 3, 4, 'SAMSUNG', 'XPRESS M288OFW', 'USB', NULL, NULL, 2, NULL, '2023-10-05 21:25:26', '2023-10-05 21:25:26'),
(117, 1, 4, 'HP', 'LaserJet Pro MFP127fn', 'USB', NULL, '1 resma por semana', 2, NULL, '2023-10-05 21:25:26', '2023-10-05 21:25:26'),
(118, 1, 4, 'SAMSUNG', 'XPRESS M2885FW', 'USB', NULL, '1 resma por semana', 2, NULL, '2023-10-05 21:25:26', '2023-10-05 21:25:26'),
(119, 1, 1, 'HP', 'Neverstop MFP1200A', 'USB', NULL, '1 resma por mes', 2, 'nueva', '2023-10-05 21:25:26', '2023-10-05 21:25:26'),
(120, 10, 3, 'HP', 'LaserJet 1022', NULL, NULL, NULL, 2, NULL, '2023-10-05 21:25:26', '2023-10-05 21:25:26'),
(121, 10, 3, 'HP', 'LaserJet Pro M203 dw', 'USB', NULL, NULL, 2, NULL, '2023-10-05 21:25:26', '2023-10-05 21:25:26'),
(122, 10, 3, 'HP', 'LaserJet M236sdw', NULL, NULL, NULL, 2, NULL, '2023-10-05 21:25:26', '2023-10-05 21:25:26'),
(123, 10, 3, 'HP', 'LaserJet MFP135w', 'USB', NULL, NULL, 2, NULL, '2023-10-05 21:25:26', '2023-10-05 21:25:26'),
(124, 10, 3, 'HP', 'LaserJet MFP135w', 'USB', NULL, NULL, 2, NULL, '2023-10-05 21:25:26', '2023-10-05 21:25:26'),
(125, 7, 1, 'HP', 'LaserJet Pro M402dne', NULL, NULL, NULL, 2, 'nueva', '2023-10-05 21:25:26', '2023-10-05 21:25:26'),
(126, 7, 4, 'HP', 'LaserJet P2055dn', NULL, NULL, NULL, 2, NULL, '2023-10-05 21:25:26', '2023-10-05 21:25:26'),
(127, 7, 4, 'HP', 'LaserJet Pro M201dw', 'USB', NULL, '1 resma por semana', 2, NULL, '2023-10-05 21:25:26', '2023-10-05 21:25:26'),
(128, 8, 4, 'HP', 'LaserJet 1022', 'USB', NULL, '1 resma cada 4 meses', 2, NULL, '2023-10-05 21:25:26', '2023-10-05 21:25:26'),
(129, 9, 1, 'HP', 'LaserJet 1022', 'USB', NULL, NULL, 2, NULL, '2023-10-05 21:25:26', '2023-10-05 21:25:26'),
(130, 52, 1, 'SAMSUNG', 'ML-2165W', NULL, NULL, NULL, 2, NULL, '2023-10-05 21:25:26', '2023-10-05 21:25:26'),
(131, 53, 4, 'HP', 'Neverstop MFP1000A', NULL, NULL, NULL, 2, NULL, '2023-10-05 21:25:26', '2023-10-05 21:25:26'),
(132, 53, 4, 'SAMSUNG', 'XPRESS M2070FW', NULL, NULL, '1 resma cada 2 semanas', 2, NULL, '2023-10-05 21:25:26', '2023-10-05 21:25:26'),
(133, 16, 3, 'SAMSUNG', 'XPRESS M288OFW', NULL, NULL, '3 resmas cada 6 meses', 2, NULL, '2023-10-05 21:25:26', '2023-10-05 21:25:26'),
(134, 16, 3, 'HP', 'LaserJet P1606DN', 'USB', NULL, '3 resmas cada 6 meses', 2, NULL, '2023-10-05 21:25:26', '2023-10-05 21:25:26'),
(135, 13, 4, 'HP', 'LaserJet Pro MFP M130fw', NULL, NULL, '1 resma por mes', 2, NULL, '2023-10-05 21:25:26', '2023-10-05 21:25:26'),
(136, 13, 5, 'RICOH', 'SP 5300 DN', 'RED', '172.16.14.50', '10 resmas por semana aprox', 2, NULL, '2023-10-05 21:25:26', '2023-10-05 21:25:26'),
(137, 13, 5, 'RICOH', 'SP 5300 DN', 'RED', '172.16.14.42', '10 resmas por semana aprox', 2, NULL, '2023-10-05 21:25:26', '2023-10-05 21:25:26'),
(138, 13, 3, 'HP', 'LaserJet 1015', 'USB', NULL, '1 resma por mes', 2, NULL, '2023-10-05 21:25:26', '2023-10-05 21:25:26'),
(139, 18, 3, 'HP', 'LaserJet P1606DN', 'USB', NULL, '1 resma cada 2 dias', 2, NULL, '2023-10-05 21:25:26', '2023-10-05 21:25:26'),
(140, 18, 5, 'HP', 'LaserJet Pro M404dw', 'USB', NULL, '1 resma cada 2 dias', 2, NULL, '2023-10-05 21:25:26', '2023-10-05 21:25:26'),
(141, 18, 5, 'HP', 'LaserJet Pro M201dw ', 'USB', NULL, '1 resma cada 2 dias', 2, NULL, '2023-10-05 21:25:26', '2023-10-05 21:25:26'),
(142, 17, 5, 'HP', 'LaserJet Pro M402dne', NULL, NULL, NULL, 2, NULL, '2023-10-05 21:25:26', '2023-10-05 21:25:26'),
(143, 15, 4, 'HP', 'LaserJet Pro M402dn', 'RED', '172.16.14.47', '1 resma cada 3 meses', 2, NULL, '2023-10-05 21:25:26', '2023-10-05 21:25:26'),
(144, 15, 4, 'HP', 'LaserJet Pro M402dne', NULL, NULL, '1 resma cada 2 dias', 2, NULL, '2023-10-05 21:25:26', '2023-10-05 21:25:26'),
(145, 14, 4, 'HP', 'LaserJet Pro M402dne', 'RED', '172.16.14.45', '1 resma cada 2 meses', 2, NULL, '2023-10-05 21:25:26', '2023-10-05 21:25:26'),
(146, 14, 4, 'HP', 'LaserJet Pro M402dne', 'USB', NULL, '1 resma cada 3 meses', 2, 'pidieron cambio/ bandeja 3', '2023-10-05 21:25:26', '2023-10-05 21:25:26'),
(147, 14, 4, 'HP', 'LaserJet Pro M402dn', 'USB', NULL, '2 resmas por semana', 2, NULL, '2023-10-05 21:25:26', '2023-10-05 21:25:26'),
(148, 12, 4, 'SAMSUNG', 'ML-2165W', 'USB', NULL, '1 resma cada 2 meses', 2, NULL, '2023-10-05 21:25:26', '2023-10-05 21:25:26'),
(149, 12, 4, 'HP', 'OfficeJet Pro 7740', NULL, NULL, '1 resma cada 2 meses', 5, 'no funciona', '2023-10-05 21:25:26', '2023-10-05 21:25:26'),
(150, 11, 1, 'HP', 'OfficeJet Pro 7740', 'RED', '172.16.14.156', '1 resma por semana', 2, NULL, '2023-10-05 21:25:26', '2023-10-05 21:25:26'),
(151, 11, 4, 'HP', 'Desing Jet 111', NULL, NULL, NULL, 5, 'no funciona', '2023-10-05 21:25:26', '2023-10-05 21:25:26'),
(152, 11, 1, 'HP', 'Officejet 7110', 'RED', '172.16.14.52', '1 resma cada 2 meses', 2, NULL, '2023-10-05 21:25:26', '2023-10-05 21:25:26'),
(153, 11, 4, 'HP', 'Laser MFP 137 FNW', 'RED', '172.16.14.35', '1 resma cada 2 meses', 2, NULL, '2023-10-05 21:25:26', '2023-10-05 21:25:26'),
(154, 11, 4, 'HP', 'LaserJet 1022', NULL, NULL, '1 resma cada 2 meses', 2, NULL, '2023-10-05 21:25:26', '2023-10-05 21:25:26'),
(155, 11, 4, 'HP', 'LaserJet 1022', NULL, NULL, '1 resma cada 2 meses', 2, NULL, '2023-10-05 21:25:26', '2023-10-05 21:25:26'),
(156, 11, 4, 'HP', 'Officejet 7500 A', NULL, NULL, NULL, 2, 'solo funciona para escanear', '2023-10-05 21:25:26', '2023-10-05 21:25:26'),
(157, 11, 1, 'HP', 'LaserJet 1022', NULL, NULL, '1 resma cada 2 meses', 2, NULL, '2023-10-05 21:25:26', '2023-10-05 21:25:26'),
(158, 11, 4, 'HP', 'LaserJet P1505', 'USB', NULL, '1 resma cada 2 meses', 2, NULL, '2023-10-05 21:25:26', '2023-10-05 21:25:26'),
(159, 19, 4, 'HP', 'Color LaserJet  Pro MFP M176N', NULL, NULL, '1 resma al mes', 2, NULL, '2023-10-05 21:25:26', '2023-10-05 21:25:26'),
(160, 19, 4, 'HP', 'LaserJet 1022', 'USB', NULL, '1 resma al mes', 2, NULL, '2023-10-05 21:25:26', '2023-10-05 21:25:26'),
(161, 19, 4, 'SAMSUNG', 'XPRESS M288OFW', 'RED', '172.16.14.39', '1 resma al mes', 2, 'anda mal imprime una raya', '2023-10-05 21:25:26', '2023-10-05 21:25:26'),
(162, 19, 4, 'HP', 'LaserJet Pro M404dw', 'RED', '172.16.14.40', '1 resma al mes', 2, NULL, '2023-10-05 21:25:26', '2023-10-05 21:25:26'),
(163, 19, 3, 'SAMSUNG', 'XPRESS M2020FW', NULL, NULL, '1 resma al mes', 2, NULL, '2023-10-05 21:25:26', '2023-10-05 21:25:26'),
(164, 20, 4, 'HP', 'LaserJet M236sdw', NULL, NULL, '1 resma cada 5 meses', 2, NULL, '2023-10-05 21:25:26', '2023-10-05 21:25:26'),
(165, 20, 1, 'HP', 'LaserJet P1606DN', 'USB', NULL, '1 resma cada 5 meses', 2, NULL, '2023-10-05 21:25:26', '2023-10-05 21:25:26'),
(166, 20, 1, 'RICOH', 'AFICIO MP301 SPF', NULL, NULL, 'arreglar', 2, NULL, '2023-10-05 21:25:26', '2023-10-05 21:25:26'),
(167, 21, 1, 'HP', 'LaserJet Pro M402dne', 'USB', NULL, '1 resma y 1/2 por mes', 2, NULL, '2023-10-05 21:25:26', '2023-10-05 21:25:26'),
(168, 21, 4, 'HP', 'LaserJet Pro M404dw', 'USB', NULL, NULL, 2, NULL, '2023-10-05 21:25:26', '2023-10-05 21:25:26'),
(169, 21, 4, 'SAMSUNG', 'XPRESS M2020FW', NULL, NULL, '1 resma y 1/2 por mes', 2, NULL, '2023-10-05 21:25:26', '2023-10-05 21:25:26'),
(170, 24, 1, 'BROTHER', 'DCP806DN', NULL, NULL, NULL, 2, NULL, '2023-10-05 21:25:26', '2023-10-05 21:25:26'),
(171, 24, 4, 'HP', 'LaserJet Pro M203 dw', 'USB', NULL, '1 resma por mes', 2, NULL, '2023-10-05 21:25:26', '2023-10-05 21:25:26'),
(172, 26, 1, 'HP', 'LaserJet Pro M203 dw', NULL, NULL, NULL, 2, NULL, '2023-10-05 21:25:26', '2023-10-05 21:25:26'),
(173, 26, 1, 'HP', 'LaserJet 1022', NULL, NULL, NULL, 2, NULL, '2023-10-05 21:25:26', '2023-10-05 21:25:26'),
(174, 26, 1, 'HP', 'LaserJet P1102w', 'USB', NULL, NULL, 2, NULL, '2023-10-05 21:25:26', '2023-10-05 21:25:26'),
(175, 29, 1, 'HP', 'Neverstop MFP1200A', 'USB', NULL, NULL, 2, NULL, '2023-10-05 21:25:26', '2023-10-05 21:25:26'),
(176, 22, 4, 'HP', 'LaserJet P1505', 'USB', NULL, '1 resma cada 2 meses', 2, NULL, '2023-10-05 21:25:26', '2023-10-05 21:25:26'),
(177, 23, 1, 'HP', 'LaserJet P1505', 'USB', NULL, NULL, 2, NULL, '2023-10-05 21:25:26', '2023-10-05 21:25:26'),
(178, 54, 1, 'SAMSUNG', 'XPRESS M2020FW', NULL, NULL, NULL, 2, NULL, '2023-10-05 21:25:26', '2023-10-05 21:25:26'),
(179, 42, 4, 'HP', 'LaserJet 1022', NULL, NULL, '1 resma por semana', 2, 'funciona mal aveces', '2023-10-05 21:25:26', '2023-10-05 21:25:26'),
(180, 43, 4, 'HP', 'LaserJet 1022', 'USB', NULL, '1 resma por semana', 2, NULL, '2023-10-05 21:25:26', '2023-10-05 21:25:26'),
(181, 41, 4, 'SAMSUNG', 'XPRESS M288OFW', 'USB', NULL, '1 resma por mes', 2, NULL, '2023-10-05 21:25:26', '2023-10-05 21:25:26'),
(182, 41, 4, 'SAMSUNG', 'XPRESS M288OFW', 'USB', NULL, '1 resma por mes', 2, NULL, '2023-10-05 21:25:26', '2023-10-05 21:25:26'),
(183, 41, 4, 'HP', 'LaserJet Pro MFP127fn', NULL, NULL, '1 resma por semana', 2, NULL, '2023-10-05 21:25:26', '2023-10-05 21:25:26'),
(184, 41, 4, 'HP', 'LaserJet 1022', NULL, NULL, '1 resma por semana', 2, NULL, '2023-10-05 21:25:26', '2023-10-05 21:25:26'),
(185, 41, 4, 'HP', 'Neverstop MFP1200A', NULL, NULL, NULL, 2, NULL, '2023-10-05 21:25:26', '2023-10-05 21:25:26'),
(186, 55, 1, 'HP', 'LaserJet 1022', NULL, NULL, '2 Resmas por año', 2, NULL, '2023-10-05 21:25:26', '2023-10-05 21:25:26'),
(187, 55, 1, 'HP', 'LaserJet 107A', NULL, NULL, NULL, 2, 'rolfi', '2023-10-05 21:25:26', '2023-10-05 21:25:26'),
(188, 55, 4, 'HP', 'LaserJet 1022', NULL, NULL, '2 Resmas por mes', 2, NULL, '2023-10-05 21:25:26', '2023-10-05 21:25:26'),
(189, 35, 1, 'BROTHER', 'DCP-T720DW', 'USB', NULL, '4 Resmas por año', 2, NULL, '2023-10-05 21:25:26', '2023-10-05 21:25:26'),
(190, 36, 3, 'SAMSUNG', 'XPRESS M2020FW', 'USB', NULL, '2 Resmas por mes', 2, 'Cambiar Mouse y Teclado por fallas', '2023-10-05 21:25:26', '2023-10-05 21:25:26'),
(191, 31, 4, 'SAMSUNG', 'XPRESS M2070FW', 'RED', '172.16.14.34', '1 Resma por semana', 2, NULL, '2023-10-05 21:25:26', '2023-10-05 21:25:26'),
(192, 35, 1, 'HP', 'Desing Jet T120', NULL, NULL, '2 Resmas cada 6 meses', 2, NULL, '2023-10-05 21:25:26', '2023-10-05 21:25:26'),
(193, 30, 1, 'HP', 'LaserJet Pro M404dw', 'USB', NULL, '3 Resmas cada 6 meses', 2, NULL, '2023-10-05 21:25:26', '2023-10-05 21:25:26'),
(194, 32, 1, 'HP', 'LaserJet 1022', 'USB', NULL, '1 Resma por año', 2, NULL, '2023-10-05 21:25:26', '2023-10-05 21:25:26'),
(195, 56, 1, 'HP', 'LaserJet MFP136w', NULL, NULL, '1 Resma cada 6 meses', 2, NULL, '2023-10-05 21:25:26', '2023-10-05 21:25:26'),
(196, 33, 3, 'HP', 'LaserJet pro 400 M401dne', 'USB', NULL, '1 Resma cada 2 meses', 2, NULL, '2023-10-05 21:25:26', '2023-10-05 21:25:26'),
(197, 34, 3, 'HP', 'LaserJet P1505', 'USB', NULL, '2 Resmas cada 6 meses', 2, NULL, '2023-10-05 21:25:26', '2023-10-05 21:25:26'),
(198, 38, 1, 'HP', 'LaserJet Pro M203 dw', 'USB', NULL, '1 Resma cada 6 meses', 2, NULL, '2023-10-05 21:25:26', '2023-10-05 21:25:26'),
(199, 44, 1, 'HP', 'LaserJet 1022', 'USB', NULL, '1 por mes', 2, NULL, '2023-10-05 21:25:26', '2023-10-05 21:25:26'),
(200, 57, 1, 'HP', 'LaserJet P1505', NULL, NULL, NULL, 2, NULL, '2023-10-05 21:25:26', '2023-10-05 21:25:26'),
(201, 46, 3, 'SAMSUNG', 'XPRESS M2020FW', 'USB', NULL, '1 resma cada 10 dias', 2, NULL, '2023-10-05 21:25:26', '2023-10-05 21:25:26'),
(202, 46, 3, 'HP', 'LaserJet 1022', 'USB', NULL, '1 resma cada 10 dias', 2, NULL, '2023-10-05 21:25:26', '2023-10-05 21:25:26'),
(203, 46, 3, 'SAMSUNG', 'XPRESS M2885FW', 'USB', NULL, '1 resma cada 10 dias', 2, NULL, '2023-10-05 21:25:26', '2023-10-05 21:25:26'),
(204, 58, 1, 'HP', 'LaserJet P1005', NULL, NULL, '3 resmas por año', 2, NULL, '2023-10-05 21:25:26', '2023-10-05 21:25:26'),
(205, 58, 1, 'HP', 'LaserJet P1005', NULL, NULL, '3 resmas por año', 2, NULL, '2023-10-05 21:25:26', '2023-10-05 21:25:26'),
(206, 45, 1, 'HP', 'LaserJet Pro M137fnw', 'USB', NULL, '2 resmas cada 6 meses', 2, NULL, '2023-10-05 21:25:26', '2023-10-05 21:25:26'),
(207, 45, 3, 'HP', 'LaserJet pro 400 M401dne', 'USB', NULL, '2 resmas por mes', 2, 'papel troquelado', '2023-10-05 21:25:26', '2023-10-05 21:25:26'),
(208, 40, 3, 'HP', 'LaserJet Pro M1536dnf', 'USB', NULL, NULL, 2, NULL, '2023-10-05 21:25:26', '2023-10-05 21:25:26'),
(209, 39, 3, 'HP', 'LaserJet Pro MFP127fn ', 'USB', NULL, '1 resma cada 2 meses', 2, NULL, '2023-10-05 21:25:26', '2023-10-05 21:25:26'),
(210, 59, 3, 'HP', 'LaserJet P1505', 'USB', NULL, NULL, 2, NULL, '2023-10-05 21:25:26', '2023-10-05 21:25:26'),
(211, 49, 1, 'HP', 'LaserJet 1022', 'USB', NULL, NULL, 2, NULL, '2023-10-05 21:25:26', '2023-10-05 21:25:26'),
(212, 51, 1, 'BROTHER', 'MFC-8480dn', 'usb', NULL, NULL, 2, NULL, '2023-10-11 19:13:11', '2023-10-11 19:13:11');

-- --------------------------------------------------------

--
-- Estructura de tabla para la tabla `migrations`
--

CREATE TABLE `migrations` (
  `id` int(10) UNSIGNED NOT NULL,
  `migration` varchar(255) NOT NULL,
  `batch` int(11) NOT NULL
) ENGINE=InnoDB DEFAULT CHARSET=utf8mb4 COLLATE=utf8mb4_unicode_ci;

--
-- Volcado de datos para la tabla `migrations`
--

INSERT INTO `migrations` (`id`, `migration`, `batch`) VALUES
(1, '2013_10_26_123306_create_roles_table', 1),
(2, '2014_10_12_000000_create_users_table', 1),
(3, '2014_10_12_100000_create_password_resets_table', 1),
(4, '2019_08_19_000000_create_failed_jobs_table', 1),
(5, '2019_12_14_000001_create_personal_access_tokens_table', 1),
(6, '2022_09_07_134620_create_usos_table', 1),
(7, '2023_09_03_124523_create_ubicaciones_table', 1),
(8, '2023_09_03_134132_create_estados_table', 1),
(9, '2023_09_03_1_create_tipo_consumibles_table', 1),
(10, '2023_09_03_2_create_consumibles_table', 1),
(11, '2023_09_04_130124_create_criticidades_table', 1),
(12, '2023_09_04_130126_create_sectores_table', 1),
(13, '2023_09_04_131348_create_impresoras_table', 1),
(14, '2023_09_18_2_create_usuarios_windows_table', 1),
(15, '2023_09_18_3_create_condiciones_table', 1),
(16, '2023_09_18_4_create_softwares_table', 1),
(17, '2023_09_18_5_create_computadoras_table', 1),
(18, '2023_09_19_124244_create_computadoras_softwares_table', 1),
(19, '2023_09_19_124701_create_computadoras_impresoras_table', 1),
(20, '2023_09_19_125634_create_consumibles_impresoras_table', 1);

-- --------------------------------------------------------

--
-- Estructura de tabla para la tabla `password_resets`
--

CREATE TABLE `password_resets` (
  `email` varchar(255) NOT NULL,
  `token` varchar(255) NOT NULL,
  `created_at` timestamp NULL DEFAULT NULL
) ENGINE=InnoDB DEFAULT CHARSET=utf8mb4 COLLATE=utf8mb4_unicode_ci;

-- --------------------------------------------------------

--
-- Estructura de tabla para la tabla `personal_access_tokens`
--

CREATE TABLE `personal_access_tokens` (
  `id` bigint(20) UNSIGNED NOT NULL,
  `tokenable_type` varchar(255) NOT NULL,
  `tokenable_id` bigint(20) UNSIGNED NOT NULL,
  `name` varchar(255) NOT NULL,
  `token` varchar(64) NOT NULL,
  `abilities` text DEFAULT NULL,
  `last_used_at` timestamp NULL DEFAULT NULL,
  `created_at` timestamp NULL DEFAULT NULL,
  `updated_at` timestamp NULL DEFAULT NULL
) ENGINE=InnoDB DEFAULT CHARSET=utf8mb4 COLLATE=utf8mb4_unicode_ci;

-- --------------------------------------------------------

--
-- Estructura de tabla para la tabla `roles`
--

CREATE TABLE `roles` (
  `id` bigint(20) UNSIGNED NOT NULL,
  `rol` varchar(255) NOT NULL,
  `created_at` timestamp NULL DEFAULT NULL,
  `updated_at` timestamp NULL DEFAULT NULL
) ENGINE=InnoDB DEFAULT CHARSET=utf8mb4 COLLATE=utf8mb4_unicode_ci;

--
-- Volcado de datos para la tabla `roles`
--

INSERT INTO `roles` (`id`, `rol`, `created_at`, `updated_at`) VALUES
(1, 'Admin', NULL, NULL),
(2, 'Compras', NULL, NULL),
(3, 'Usuario', NULL, NULL);

-- --------------------------------------------------------

--
-- Estructura de tabla para la tabla `sectores`
--

CREATE TABLE `sectores` (
  `id` bigint(20) UNSIGNED NOT NULL,
  `id_ubicacion` bigint(20) UNSIGNED NOT NULL,
  `nombre` varchar(255) NOT NULL,
  `created_at` timestamp NULL DEFAULT NULL,
  `updated_at` timestamp NULL DEFAULT NULL
) ENGINE=InnoDB DEFAULT CHARSET=utf8mb4 COLLATE=utf8mb4_unicode_ci;

--
-- Volcado de datos para la tabla `sectores`
--

INSERT INTO `sectores` (`id`, `id_ubicacion`, `nombre`, `created_at`, `updated_at`) VALUES
(1, 2, 'jefatura ATP', '2023-10-04 18:13:28', '2023-10-04 18:13:28'),
(2, 2, 'Usuarios', '2023-10-04 18:13:37', '2023-10-04 18:13:37'),
(3, 2, 'Reclamos', '2023-10-04 18:13:44', '2023-10-04 18:13:44'),
(4, 2, 'Cajas', '2023-10-04 18:13:49', '2023-10-04 18:13:49'),
(5, 2, 'Orientacion al asociado', '2023-10-04 18:14:04', '2023-10-04 18:14:04'),
(6, 2, 'Constatadores', '2023-10-04 18:14:12', '2023-10-04 18:14:12'),
(7, 2, 'Toma estados', '2023-10-04 18:14:19', '2023-10-04 18:14:19'),
(8, 2, 'Seguridad e higiene', '2023-10-04 18:14:29', '2023-10-04 18:14:29'),
(9, 2, 'Soporte y medicion', '2023-10-04 18:14:38', '2023-10-04 18:14:38'),
(10, 2, 'Compras', '2023-10-04 18:14:44', '2023-10-04 18:14:44'),
(11, 3, 'Oficina tecnica', '2023-10-04 18:14:55', '2023-10-04 18:14:55'),
(12, 3, 'Prensa', '2023-10-04 18:15:03', '2023-10-04 18:15:03'),
(13, 3, 'Facturacion', '2023-10-04 18:15:09', '2023-10-04 18:15:09'),
(14, 3, 'Contabilidad', '2023-10-04 18:15:16', '2023-10-04 18:15:16'),
(15, 3, 'Impositivo', '2023-10-04 18:15:24', '2023-10-04 18:15:24'),
(16, 3, 'Gerencia administrativa', '2023-10-04 18:15:33', '2023-10-04 18:15:33'),
(17, 3, 'Finanzas', '2023-10-04 18:15:41', '2023-10-04 18:15:41'),
(18, 3, 'Tesoreria', '2023-10-04 18:15:48', '2023-10-04 18:15:48'),
(19, 3, 'Personal', '2023-10-04 18:15:55', '2023-10-04 18:15:55'),
(20, 3, 'Sistemas', '2023-10-04 18:16:02', '2023-10-04 18:16:02'),
(21, 3, 'Mas comunicaciones', '2023-10-04 18:16:10', '2023-10-04 18:16:10'),
(22, 4, 'Asesor legal', '2023-10-04 18:16:26', '2023-10-04 18:16:26'),
(23, 4, 'Sindico', '2023-10-04 18:16:34', '2023-10-04 18:16:34'),
(24, 4, 'Secretaria', '2023-10-04 18:16:40', '2023-10-04 18:16:40'),
(25, 4, 'Pro tesorero', '2023-10-04 18:16:53', '2023-10-04 18:16:53'),
(26, 4, 'Consejo de administracion (Presidencia)', '2023-10-04 18:17:24', '2023-10-04 18:17:24'),
(27, 4, 'Consejo de administracion (secretaria)', '2023-10-04 18:17:34', '2023-10-04 18:17:34'),
(28, 4, 'Consejo de administracion (Pro secretaria)', '2023-10-04 18:17:44', '2023-10-04 18:17:44'),
(29, 4, 'RRHH', '2023-10-04 18:18:24', '2023-10-04 18:18:24'),
(30, 5, 'Atencion al publico-agua', '2023-10-04 18:51:39', '2023-10-04 18:51:39'),
(31, 5, 'oficina tecnica-agua', '2023-10-04 18:51:56', '2023-10-04 18:51:56'),
(32, 5, 'personal agua', '2023-10-04 18:52:05', '2023-10-04 18:52:05'),
(33, 5, 'jefe agua', '2023-10-04 18:52:12', '2023-10-04 18:52:12'),
(34, 5, 'gerente agua', '2023-10-04 18:52:20', '2023-10-04 18:52:20'),
(35, 5, 'laboratorio', '2023-10-04 18:52:29', '2023-10-04 18:52:29'),
(36, 5, 'venta de gas', '2023-10-04 18:52:35', '2023-10-04 18:52:35'),
(37, 5, 'pañol', '2023-10-04 18:52:45', '2023-10-04 18:52:45'),
(38, 6, 'atencion al publico-biblioteca', '2023-10-04 18:53:03', '2023-10-04 18:53:03'),
(39, 7, 'TVCO', '2023-10-04 18:53:26', '2023-10-04 18:53:26'),
(40, 8, 'Administracion sepelios', '2023-10-04 18:53:37', '2023-10-04 18:53:37'),
(41, 9, 'Atencion al publico-3play', '2023-10-04 18:53:55', '2023-10-04 18:53:55'),
(42, 10, 'Atencion al publico-enfermeria', '2023-10-04 18:54:06', '2023-10-04 18:54:06'),
(43, 10, 'jefe de enfermeria', '2023-10-04 18:54:17', '2023-10-04 18:54:17'),
(44, 11, 'taller', '2023-10-04 18:54:25', '2023-10-04 18:54:25'),
(45, 11, 'almacen', '2023-10-04 18:54:31', '2023-10-04 18:54:31'),
(46, 11, 'administracion de distribucion', '2023-10-04 18:54:42', '2023-10-04 18:54:42'),
(47, 11, 'calidad de servicio', '2023-10-04 18:54:50', '2023-10-04 18:54:50'),
(48, 11, 'soporte operativo', '2023-10-04 18:54:57', '2023-10-04 18:54:57'),
(49, 12, 'administracion de transporte', '2023-10-04 18:55:10', '2023-10-04 18:55:10'),
(50, 2, 'deposito sistemas', '2023-10-04 20:13:37', '2023-10-04 20:13:37'),
(51, 2, 'Mesa de entrada', '2023-10-05 18:20:00', '2023-10-05 18:20:00'),
(52, 2, 'conexiones', '2023-10-05 18:52:22', '2023-10-05 18:52:22'),
(53, 2, 'CIAT', '2023-10-05 18:52:30', '2023-10-05 18:52:30'),
(54, 4, 'Vocalia', '2023-10-05 20:29:04', '2023-10-05 20:29:04'),
(55, 5, 'apysu', '2023-10-09 17:58:07', '2023-10-09 17:58:07'),
(56, 5, 'Jefe de Saneamiento Urbano', '2023-10-09 18:03:58', '2023-10-09 18:03:58'),
(57, 11, 'Jefatura de Distribucion', '2023-10-09 18:35:12', '2023-10-09 18:35:12'),
(58, 11, 'Oficina Laboratorio Electrico', '2023-10-09 18:35:27', '2023-10-09 18:35:27'),
(59, 7, 'Reclamos', '2023-10-09 18:47:57', '2023-10-09 18:47:57');

-- --------------------------------------------------------

--
-- Estructura de tabla para la tabla `softwares`
--

CREATE TABLE `softwares` (
  `id` bigint(20) UNSIGNED NOT NULL,
  `nombre` varchar(255) NOT NULL,
  `version` varchar(255) NOT NULL,
  `expira` date NOT NULL,
  `created_at` timestamp NULL DEFAULT NULL,
  `updated_at` timestamp NULL DEFAULT NULL
) ENGINE=InnoDB DEFAULT CHARSET=utf8mb4 COLLATE=utf8mb4_unicode_ci;

-- --------------------------------------------------------

--
-- Estructura de tabla para la tabla `tipo_consumibles`
--

CREATE TABLE `tipo_consumibles` (
  `id` bigint(20) UNSIGNED NOT NULL,
  `nombre` varchar(255) NOT NULL,
  `created_at` timestamp NULL DEFAULT NULL,
  `updated_at` timestamp NULL DEFAULT NULL
) ENGINE=InnoDB DEFAULT CHARSET=utf8mb4 COLLATE=utf8mb4_unicode_ci;

--
-- Volcado de datos para la tabla `tipo_consumibles`
--

INSERT INTO `tipo_consumibles` (`id`, `nombre`, `created_at`, `updated_at`) VALUES
(1, 'Tonner', '2023-10-04 19:14:59', '2023-10-04 19:14:59'),
(2, 'Cartucho', '2023-10-04 19:15:09', '2023-10-04 19:15:09');

-- --------------------------------------------------------

--
-- Estructura de tabla para la tabla `ubicaciones`
--

CREATE TABLE `ubicaciones` (
  `id` bigint(20) UNSIGNED NOT NULL,
  `edificio` varchar(255) NOT NULL,
  `piso` varchar(255) DEFAULT NULL,
  `created_at` timestamp NULL DEFAULT NULL,
  `updated_at` timestamp NULL DEFAULT NULL
) ENGINE=InnoDB DEFAULT CHARSET=utf8mb4 COLLATE=utf8mb4_unicode_ci;

--
-- Volcado de datos para la tabla `ubicaciones`
--

INSERT INTO `ubicaciones` (`id`, `edificio`, `piso`, `created_at`, `updated_at`) VALUES
(2, 'edificio central', 'planta baja', '2023-10-04 18:09:52', '2023-10-04 18:09:52'),
(3, 'edificio central', 'piso 1', '2023-10-04 18:09:57', '2023-10-04 18:13:02'),
(4, 'edificio central', 'piso 2', '2023-10-04 18:10:01', '2023-10-04 18:13:07'),
(5, 'apysu', NULL, '2023-10-04 18:10:05', '2023-10-04 18:10:05'),
(6, 'biblioteca', NULL, '2023-10-04 18:10:11', '2023-10-04 18:10:11'),
(7, 'TVCO', NULL, '2023-10-04 18:10:19', '2023-10-04 18:10:19'),
(8, 'SEPELIOS', NULL, '2023-10-04 18:10:27', '2023-10-04 18:10:27'),
(9, '3-play', NULL, '2023-10-04 18:10:32', '2023-10-04 18:10:32'),
(10, 'enfermeria', NULL, '2023-10-04 18:10:38', '2023-10-04 18:10:38'),
(11, 'distribucion', NULL, '2023-10-04 18:10:45', '2023-10-04 18:10:45'),
(12, 'transporte', NULL, '2023-10-04 18:10:51', '2023-10-04 18:10:51');

-- --------------------------------------------------------

--
-- Estructura de tabla para la tabla `users`
--

CREATE TABLE `users` (
  `id` bigint(20) UNSIGNED NOT NULL,
  `id_rol` bigint(20) UNSIGNED NOT NULL,
  `username` varchar(255) NOT NULL,
  `name` varchar(255) NOT NULL,
  `email` varchar(255) NOT NULL,
  `password` varchar(255) NOT NULL,
  `remember_token` varchar(100) DEFAULT NULL,
  `created_at` timestamp NULL DEFAULT NULL,
  `updated_at` timestamp NULL DEFAULT NULL
) ENGINE=InnoDB DEFAULT CHARSET=utf8mb4 COLLATE=utf8mb4_unicode_ci;

--
-- Volcado de datos para la tabla `users`
--

INSERT INTO `users` (`id`, `id_rol`, `username`, `name`, `email`, `password`, `remember_token`, `created_at`, `updated_at`) VALUES
(1, 1, 'mateogea', 'Mateo Bazan', '', '$2y$10$cR70Y4lPE5Pa2ldOfPphoehz61ZRV7mXE7Bd4nDSPgdJbkjY46Wb.', NULL, '2023-10-30 15:58:39', '2023-10-30 15:58:39'),
(2, 3, 'Indefinido', 'Indefinido', '', '$2y$10$fBCLwF5D9wOROJStVvmJdeRzQR6xASirASo4y.ig6LlKzKt/0U2F.', NULL, '2023-10-30 15:59:56', '2023-10-30 15:59:56');

-- --------------------------------------------------------

--
-- Estructura de tabla para la tabla `usos`
--

CREATE TABLE `usos` (
  `id` bigint(20) UNSIGNED NOT NULL,
  `mensual` double(8,2) NOT NULL,
  `semestral` double(8,2) NOT NULL,
  `anual` double(8,2) NOT NULL,
  `created_at` timestamp NULL DEFAULT NULL,
  `updated_at` timestamp NULL DEFAULT NULL
) ENGINE=InnoDB DEFAULT CHARSET=utf8mb4 COLLATE=utf8mb4_unicode_ci;

--
-- Volcado de datos para la tabla `usos`
--

INSERT INTO `usos` (`id`, `mensual`, `semestral`, `anual`, `created_at`, `updated_at`) VALUES
(1, 2.00, 12.00, 24.00, '2023-10-04 19:16:56', '2023-10-04 19:16:56'),
(2, 4.00, 24.00, 48.00, '2023-10-04 19:17:06', '2023-10-04 19:17:06'),
(3, 1.00, 6.00, 12.00, '2023-10-04 19:17:15', '2023-10-04 19:17:15'),
(4, 5.33, 32.00, 64.00, '2023-10-04 19:23:41', '2023-10-04 19:23:41'),
(5, 0.67, 4.00, 8.00, '2023-10-04 19:23:59', '2023-10-04 19:23:59'),
(6, 3.33, 20.00, 40.00, '2023-10-04 19:24:08', '2023-10-04 19:24:08'),
(7, 12.67, 76.00, 152.00, '2023-10-04 19:24:19', '2023-10-04 19:24:19'),
(8, 5.87, 35.20, 70.40, '2023-10-04 19:25:10', '2023-10-04 19:25:10'),
(9, 12.42, 74.50, 149.00, '2023-10-04 19:25:58', '2023-10-04 19:25:58'),
(10, 1.17, 7.00, 14.00, '2023-10-04 19:26:09', '2023-10-04 19:26:09'),
(11, 10.83, 65.00, 130.00, '2023-10-04 19:26:22', '2023-10-04 19:26:22'),
(12, 0.33, 2.00, 4.00, '2023-10-04 19:26:31', '2023-10-04 19:26:31'),
(13, 4.42, 26.50, 53.00, '2023-10-04 19:26:46', '2023-10-04 19:26:46'),
(14, 0.25, 1.50, 3.00, '2023-10-04 19:26:59', '2023-10-04 19:26:59'),
(15, 1.50, 9.00, 18.00, '2023-10-04 19:27:14', '2023-10-04 19:27:14'),
(16, 8.17, 49.00, 98.00, '2023-10-04 19:27:25', '2023-10-04 19:27:25'),
(17, 3.17, 19.00, 38.00, '2023-10-04 19:27:36', '2023-10-04 19:27:36'),
(18, 1.33, 8.00, 16.00, '2023-10-04 19:27:47', '2023-10-04 19:27:47'),
(19, 3.50, 21.00, 42.00, '2023-10-04 19:27:58', '2023-10-04 19:27:58'),
(21, 0.50, 3.00, 6.00, '2023-10-04 19:29:15', '2023-10-04 19:29:15'),
(22, 0.16, 1.00, 2.00, '2023-10-04 19:29:46', '2023-10-04 19:29:46'),
(23, 0.08, 0.50, 1.00, '2023-10-04 19:30:28', '2023-10-04 19:30:28');

-- --------------------------------------------------------

--
-- Estructura de tabla para la tabla `usuarios_windows`
--

CREATE TABLE `usuarios_windows` (
  `id` bigint(20) UNSIGNED NOT NULL,
  `usuario` varchar(255) NOT NULL,
  `contraseña` varchar(255) DEFAULT NULL,
  `created_at` timestamp NULL DEFAULT NULL,
  `updated_at` timestamp NULL DEFAULT NULL
) ENGINE=InnoDB DEFAULT CHARSET=utf8mb4 COLLATE=utf8mb4_unicode_ci;

--
-- Volcado de datos para la tabla `usuarios_windows`
--

INSERT INTO `usuarios_windows` (`id`, `usuario`, `contraseña`, `created_at`, `updated_at`) VALUES
(0, 'indefinido', NULL, '2023-10-04 17:58:20', '2023-10-04 17:58:20'),
(1, 'Administrador', 'rev2coot', '2023-10-04 20:22:12', '2023-10-04 20:22:12'),
(2, 'atp', 'Corpico341', '2023-10-04 20:22:29', '2023-10-04 20:22:29'),
(3, 'consejo', NULL, '2023-10-04 20:22:38', '2023-10-04 20:22:38'),
(4, 'grrhh', NULL, '2023-10-04 20:22:50', '2023-10-04 20:22:50'),
(5, 'gtecnica', NULL, '2023-10-04 20:22:58', '2023-10-04 20:22:58'),
(6, 'personal', 'Qnxrca341', '2023-10-04 20:23:13', '2023-10-04 20:23:13'),
(7, 'sistemas', 'Duck09w', '2023-10-04 20:23:26', '2023-10-04 20:23:26'),
(8, 'tecnica', NULL, '2023-10-04 20:23:44', '2023-10-04 20:23:44'),
(9, 'telefonia', NULL, '2023-10-04 20:23:52', '2023-10-04 20:23:52'),
(10, 'wincont', NULL, '2023-10-04 20:24:02', '2023-10-04 20:24:02');

--
-- Índices para tablas volcadas
--

--
-- Indices de la tabla `computadoras`
--
ALTER TABLE `computadoras`
  ADD PRIMARY KEY (`id`),
  ADD KEY `computadoras_id_usuario_window_foreign` (`id_usuario_window`),
  ADD KEY `computadoras_id_user_foreign` (`id_user`),
  ADD KEY `computadoras_id_condicion_foreign` (`id_condicion`),
  ADD KEY `computadoras_id_sectore_foreign` (`id_sectore`),
  ADD KEY `computadoras_id_estado_foreign` (`id_estado`);

--
-- Indices de la tabla `computadoras_impresoras`
--
ALTER TABLE `computadoras_impresoras`
  ADD PRIMARY KEY (`id`),
  ADD KEY `computadoras_impresoras_id_computadora_foreign` (`id_computadora`),
  ADD KEY `computadoras_impresoras_id_impresora_foreign` (`id_impresora`);

--
-- Indices de la tabla `computadoras_softwares`
--
ALTER TABLE `computadoras_softwares`
  ADD PRIMARY KEY (`id`),
  ADD KEY `computadoras_softwares_id_software_foreign` (`id_software`),
  ADD KEY `computadoras_softwares_id_computadora_foreign` (`id_computadora`);

--
-- Indices de la tabla `condiciones`
--
ALTER TABLE `condiciones`
  ADD PRIMARY KEY (`id`);

--
-- Indices de la tabla `consumibles`
--
ALTER TABLE `consumibles`
  ADD PRIMARY KEY (`id`),
  ADD KEY `consumibles_id_uso_foreign` (`id_uso`),
  ADD KEY `consumibles_id_tipo_foreign` (`id_tipo`);

--
-- Indices de la tabla `consumibles_impresoras`
--
ALTER TABLE `consumibles_impresoras`
  ADD PRIMARY KEY (`id`),
  ADD KEY `consumibles_impresoras_id_consumible_foreign` (`id_consumible`),
  ADD KEY `consumibles_impresoras_id_impresora_foreign` (`id_impresora`);

--
-- Indices de la tabla `criticidades`
--
ALTER TABLE `criticidades`
  ADD PRIMARY KEY (`id`);

--
-- Indices de la tabla `estados`
--
ALTER TABLE `estados`
  ADD PRIMARY KEY (`id`);

--
-- Indices de la tabla `failed_jobs`
--
ALTER TABLE `failed_jobs`
  ADD PRIMARY KEY (`id`),
  ADD UNIQUE KEY `failed_jobs_uuid_unique` (`uuid`);

--
-- Indices de la tabla `impresoras`
--
ALTER TABLE `impresoras`
  ADD PRIMARY KEY (`id`),
  ADD KEY `impresoras_id_sector_foreign` (`id_sector`),
  ADD KEY `impresoras_id_criticidad_foreign` (`id_criticidad`),
  ADD KEY `impresoras_id_estado_foreign` (`id_estado`);

--
-- Indices de la tabla `migrations`
--
ALTER TABLE `migrations`
  ADD PRIMARY KEY (`id`);

--
-- Indices de la tabla `password_resets`
--
ALTER TABLE `password_resets`
  ADD KEY `password_resets_email_index` (`email`);

--
-- Indices de la tabla `personal_access_tokens`
--
ALTER TABLE `personal_access_tokens`
  ADD PRIMARY KEY (`id`),
  ADD UNIQUE KEY `personal_access_tokens_token_unique` (`token`),
  ADD KEY `personal_access_tokens_tokenable_type_tokenable_id_index` (`tokenable_type`,`tokenable_id`);

--
-- Indices de la tabla `roles`
--
ALTER TABLE `roles`
  ADD PRIMARY KEY (`id`);

--
-- Indices de la tabla `sectores`
--
ALTER TABLE `sectores`
  ADD PRIMARY KEY (`id`),
  ADD KEY `sectores_id_ubicacion_foreign` (`id_ubicacion`);

--
-- Indices de la tabla `softwares`
--
ALTER TABLE `softwares`
  ADD PRIMARY KEY (`id`);

--
-- Indices de la tabla `tipo_consumibles`
--
ALTER TABLE `tipo_consumibles`
  ADD PRIMARY KEY (`id`);

--
-- Indices de la tabla `ubicaciones`
--
ALTER TABLE `ubicaciones`
  ADD PRIMARY KEY (`id`);

--
-- Indices de la tabla `users`
--
ALTER TABLE `users`
  ADD PRIMARY KEY (`id`),
  ADD UNIQUE KEY `users_username_unique` (`username`),
  ADD KEY `users_id_rol_foreign` (`id_rol`);

--
-- Indices de la tabla `usos`
--
ALTER TABLE `usos`
  ADD PRIMARY KEY (`id`);

--
-- Indices de la tabla `usuarios_windows`
--
ALTER TABLE `usuarios_windows`
  ADD PRIMARY KEY (`id`);

--
-- AUTO_INCREMENT de las tablas volcadas
--

--
-- AUTO_INCREMENT de la tabla `computadoras`
--
ALTER TABLE `computadoras`
  MODIFY `id` bigint(20) UNSIGNED NOT NULL AUTO_INCREMENT, AUTO_INCREMENT=145;

--
-- AUTO_INCREMENT de la tabla `computadoras_impresoras`
--
ALTER TABLE `computadoras_impresoras`
  MODIFY `id` bigint(20) UNSIGNED NOT NULL AUTO_INCREMENT, AUTO_INCREMENT=56;

--
-- AUTO_INCREMENT de la tabla `computadoras_softwares`
--
ALTER TABLE `computadoras_softwares`
  MODIFY `id` bigint(20) UNSIGNED NOT NULL AUTO_INCREMENT;

--
-- AUTO_INCREMENT de la tabla `condiciones`
--
ALTER TABLE `condiciones`
  MODIFY `id` bigint(20) UNSIGNED NOT NULL AUTO_INCREMENT, AUTO_INCREMENT=4;

--
-- AUTO_INCREMENT de la tabla `consumibles`
--
ALTER TABLE `consumibles`
  MODIFY `id` bigint(20) UNSIGNED NOT NULL AUTO_INCREMENT, AUTO_INCREMENT=48;

--
-- AUTO_INCREMENT de la tabla `consumibles_impresoras`
--
ALTER TABLE `consumibles_impresoras`
  MODIFY `id` bigint(20) UNSIGNED NOT NULL AUTO_INCREMENT, AUTO_INCREMENT=63;

--
-- AUTO_INCREMENT de la tabla `criticidades`
--
ALTER TABLE `criticidades`
  MODIFY `id` bigint(20) UNSIGNED NOT NULL AUTO_INCREMENT, AUTO_INCREMENT=6;

--
-- AUTO_INCREMENT de la tabla `estados`
--
ALTER TABLE `estados`
  MODIFY `id` bigint(20) UNSIGNED NOT NULL AUTO_INCREMENT, AUTO_INCREMENT=6;

--
-- AUTO_INCREMENT de la tabla `failed_jobs`
--
ALTER TABLE `failed_jobs`
  MODIFY `id` bigint(20) UNSIGNED NOT NULL AUTO_INCREMENT;

--
-- AUTO_INCREMENT de la tabla `impresoras`
--
ALTER TABLE `impresoras`
  MODIFY `id` bigint(20) UNSIGNED NOT NULL AUTO_INCREMENT, AUTO_INCREMENT=213;

--
-- AUTO_INCREMENT de la tabla `migrations`
--
ALTER TABLE `migrations`
  MODIFY `id` int(10) UNSIGNED NOT NULL AUTO_INCREMENT, AUTO_INCREMENT=21;

--
-- AUTO_INCREMENT de la tabla `personal_access_tokens`
--
ALTER TABLE `personal_access_tokens`
  MODIFY `id` bigint(20) UNSIGNED NOT NULL AUTO_INCREMENT;

--
-- AUTO_INCREMENT de la tabla `roles`
--
ALTER TABLE `roles`
  MODIFY `id` bigint(20) UNSIGNED NOT NULL AUTO_INCREMENT, AUTO_INCREMENT=4;

--
-- AUTO_INCREMENT de la tabla `sectores`
--
ALTER TABLE `sectores`
  MODIFY `id` bigint(20) UNSIGNED NOT NULL AUTO_INCREMENT, AUTO_INCREMENT=60;

--
-- AUTO_INCREMENT de la tabla `softwares`
--
ALTER TABLE `softwares`
  MODIFY `id` bigint(20) UNSIGNED NOT NULL AUTO_INCREMENT;

--
-- AUTO_INCREMENT de la tabla `tipo_consumibles`
--
ALTER TABLE `tipo_consumibles`
  MODIFY `id` bigint(20) UNSIGNED NOT NULL AUTO_INCREMENT, AUTO_INCREMENT=3;

--
-- AUTO_INCREMENT de la tabla `ubicaciones`
--
ALTER TABLE `ubicaciones`
  MODIFY `id` bigint(20) UNSIGNED NOT NULL AUTO_INCREMENT, AUTO_INCREMENT=13;

--
-- AUTO_INCREMENT de la tabla `users`
--
ALTER TABLE `users`
  MODIFY `id` bigint(20) UNSIGNED NOT NULL AUTO_INCREMENT, AUTO_INCREMENT=3;

--
-- AUTO_INCREMENT de la tabla `usos`
--
ALTER TABLE `usos`
  MODIFY `id` bigint(20) UNSIGNED NOT NULL AUTO_INCREMENT, AUTO_INCREMENT=24;

--
-- AUTO_INCREMENT de la tabla `usuarios_windows`
--
ALTER TABLE `usuarios_windows`
  MODIFY `id` bigint(20) UNSIGNED NOT NULL AUTO_INCREMENT, AUTO_INCREMENT=34;

--
-- Restricciones para tablas volcadas
--

--
-- Filtros para la tabla `computadoras`
--
ALTER TABLE `computadoras`
  ADD CONSTRAINT `computadoras_id_condicion_foreign` FOREIGN KEY (`id_condicion`) REFERENCES `condiciones` (`id`) ON DELETE CASCADE,
  ADD CONSTRAINT `computadoras_id_estado_foreign` FOREIGN KEY (`id_estado`) REFERENCES `estados` (`id`) ON DELETE CASCADE,
  ADD CONSTRAINT `computadoras_id_sectore_foreign` FOREIGN KEY (`id_sectore`) REFERENCES `sectores` (`id`) ON DELETE CASCADE,
  ADD CONSTRAINT `computadoras_id_user_foreign` FOREIGN KEY (`id_user`) REFERENCES `users` (`id`) ON DELETE CASCADE,
  ADD CONSTRAINT `computadoras_id_usuario_window_foreign` FOREIGN KEY (`id_usuario_window`) REFERENCES `usuarios_windows` (`id`) ON DELETE CASCADE;

--
-- Filtros para la tabla `computadoras_impresoras`
--
ALTER TABLE `computadoras_impresoras`
  ADD CONSTRAINT `computadoras_impresoras_id_computadora_foreign` FOREIGN KEY (`id_computadora`) REFERENCES `computadoras` (`id`) ON DELETE CASCADE,
  ADD CONSTRAINT `computadoras_impresoras_id_impresora_foreign` FOREIGN KEY (`id_impresora`) REFERENCES `impresoras` (`id`) ON DELETE CASCADE;

--
-- Filtros para la tabla `computadoras_softwares`
--
ALTER TABLE `computadoras_softwares`
  ADD CONSTRAINT `computadoras_softwares_id_computadora_foreign` FOREIGN KEY (`id_computadora`) REFERENCES `computadoras` (`id`) ON DELETE CASCADE,
  ADD CONSTRAINT `computadoras_softwares_id_software_foreign` FOREIGN KEY (`id_software`) REFERENCES `softwares` (`id`) ON DELETE CASCADE;

--
-- Filtros para la tabla `consumibles`
--
ALTER TABLE `consumibles`
  ADD CONSTRAINT `consumibles_id_tipo_foreign` FOREIGN KEY (`id_tipo`) REFERENCES `tipo_consumibles` (`id`) ON DELETE CASCADE,
  ADD CONSTRAINT `consumibles_id_uso_foreign` FOREIGN KEY (`id_uso`) REFERENCES `usos` (`id`) ON DELETE CASCADE;

--
-- Filtros para la tabla `consumibles_impresoras`
--
ALTER TABLE `consumibles_impresoras`
  ADD CONSTRAINT `consumibles_impresoras_id_consumible_foreign` FOREIGN KEY (`id_consumible`) REFERENCES `consumibles` (`id`) ON DELETE CASCADE,
  ADD CONSTRAINT `consumibles_impresoras_id_impresora_foreign` FOREIGN KEY (`id_impresora`) REFERENCES `impresoras` (`id`) ON DELETE CASCADE;

--
-- Filtros para la tabla `impresoras`
--
ALTER TABLE `impresoras`
  ADD CONSTRAINT `impresoras_id_criticidad_foreign` FOREIGN KEY (`id_criticidad`) REFERENCES `criticidades` (`id`) ON DELETE CASCADE,
  ADD CONSTRAINT `impresoras_id_estado_foreign` FOREIGN KEY (`id_estado`) REFERENCES `estados` (`id`) ON DELETE CASCADE,
  ADD CONSTRAINT `impresoras_id_sector_foreign` FOREIGN KEY (`id_sector`) REFERENCES `sectores` (`id`) ON DELETE CASCADE;

--
-- Filtros para la tabla `sectores`
--
ALTER TABLE `sectores`
  ADD CONSTRAINT `sectores_id_ubicacion_foreign` FOREIGN KEY (`id_ubicacion`) REFERENCES `ubicaciones` (`id`) ON DELETE CASCADE;

--
-- Filtros para la tabla `users`
--
ALTER TABLE `users`
  ADD CONSTRAINT `users_id_rol_foreign` FOREIGN KEY (`id_rol`) REFERENCES `roles` (`id`) ON DELETE CASCADE;
COMMIT;

/*!40101 SET CHARACTER_SET_CLIENT=@OLD_CHARACTER_SET_CLIENT */;
/*!40101 SET CHARACTER_SET_RESULTS=@OLD_CHARACTER_SET_RESULTS */;
/*!40101 SET COLLATION_CONNECTION=@OLD_COLLATION_CONNECTION */;
